名称,路径,级别,类型,年份,体积(字节)
CFA2026,/CFA2026,未标注,文件夹,2026,
CFA二级备考计划表（详细到知识点）.xlsx,/CFA2026/02-知识精讲补充/百日计划表/CFA二级备考计划表（详细到知识点）.xlsx,二级,文件,2026,45514
2026CFA二级,/CFA2026/2026CFA二级,二级,文件夹,2026,
GD 2026 CFA二级,/CFA2026/2026CFA二级/GD 2026 CFA二级,二级,文件夹,2026,
0.CFA二级课程必看说明！.txt,/CFA2026/2026CFA二级/GD 2026 CFA二级/0.前导阶段/00.金融计算器的使用/0.CFA二级课程必看说明！.txt,二级,文件,2026,341
0.CFA二级课程必看说明！.txt,/CFA2026/2026CFA二级/GD 2026 CFA二级/1.知识精讲/01.数量 Luke/0.CFA二级课程必看说明！.txt,二级,文件,2026,341
0.CFA二级课程必看说明！.txt,/CFA2026/2026CFA二级/GD 2026 CFA二级/1.知识精讲/02.经济 Sylvia/0.CFA二级课程必看说明！.txt,二级,文件,2026,341
0.CFA二级课程必看说明！.txt,/CFA2026/2026CFA二级/GD 2026 CFA二级/1.知识精讲/03.财报  chen/0.CFA二级课程必看说明！.txt,二级,文件,2026,341
JC 2026 CFA二级,/CFA2026/2026CFA二级/JC 2026 CFA二级,二级,文件夹,2026,
0.CFA二级课程必看说明！.txt,/CFA2026/2026CFA二级/JC 2026 CFA二级/0.前导段/前导 Part I/0.CFA二级课程必看说明！.txt,二级,文件,2026,341
1.CFA二级框架介绍（经济）  视频讲解视频讲解.sz,/CFA2026/2026CFA二级/JC 2026 CFA二级/0.前导段/前导 Part I/1.CFA二级框架介绍（经济）  视频讲解视频讲解.sz,二级,文件,2026,137701479
2.CFA二级框架介绍（数量）  视频讲解视频讲解.sz,/CFA2026/2026CFA二级/JC 2026 CFA二级/0.前导段/前导 Part I/2.CFA二级框架介绍（数量）  视频讲解视频讲解.sz,二级,文件,2026,92622938
3.CFA二级框架介绍（固收）  视频讲解视频讲解.sz,/CFA2026/2026CFA二级/JC 2026 CFA二级/0.前导段/前导 Part I/3.CFA二级框架介绍（固收）  视频讲解视频讲解.sz,二级,文件,2026,127417442
4.CFA二级框架介绍（组合）  视频讲解视频讲解.sz,/CFA2026/2026CFA二级/JC 2026 CFA二级/0.前导段/前导 Part I/4.CFA二级框架介绍（组合）  视频讲解视频讲解.sz,二级,文件,2026,73385128
5.CFA二级框架介绍（道德）  视频讲解视频讲解.sz,/CFA2026/2026CFA二级/JC 2026 CFA二级/0.前导段/前导 Part I/5.CFA二级框架介绍（道德）  视频讲解视频讲解.sz,二级,文件,2026,122567070
0.CFA二级课程必看说明！.txt,/CFA2026/2026CFA二级/JC 2026 CFA二级/0.前导段/前导 Part Ⅱ/0.CFA二级课程必看说明！.txt,二级,文件,2026,341
1.CFA二级框架介绍（财报）  视频讲解.sz,/CFA2026/2026CFA二级/JC 2026 CFA二级/0.前导段/前导 Part Ⅱ/1.CFA二级框架介绍（财报）  视频讲解.sz,二级,文件,2026,318028783
CFA二级前导_林正_打印版.pdf,/CFA2026/2026CFA二级/JC 2026 CFA二级/0.前导段/讲义汇总/CFA二级前导_林正_打印版.pdf,二级,文件,2026,487555
CFA二级前导_林正_标准版.pdf,/CFA2026/2026CFA二级/JC 2026 CFA二级/0.前导段/讲义汇总/CFA二级前导_林正_标准版.pdf,二级,文件,2026,564160
CFA二级前导_韩霄_打印版.pdf,/CFA2026/2026CFA二级/JC 2026 CFA二级/0.前导段/讲义汇总/CFA二级前导_韩霄_打印版.pdf,二级,文件,2026,651508
CFA二级前导_韩霄_标准版.pdf,/CFA2026/2026CFA二级/JC 2026 CFA二级/0.前导段/讲义汇总/CFA二级前导_韩霄_标准版.pdf,二级,文件,2026,615488
0.CFA二级课程必看说明！.txt,/CFA2026/2026CFA二级/JC 2026 CFA二级/1.基础段/0.CFA二级课程必看说明！.txt,二级,文件,2026,341
0.CFA二级课程必看说明！.txt,/CFA2026/2026CFA二级/JC 2026 CFA二级/1.基础段/1.Fixed Income/0.CFA二级课程必看说明！.txt,二级,文件,2026,341
0.CFA二级课程必看说明！.txt,/CFA2026/2026CFA二级/JC 2026 CFA二级/1.基础段/2.Economics/0.CFA二级课程必看说明！.txt,二级,文件,2026,341
0.CFA二级课程必看说明！.txt,/CFA2026/2026CFA二级/JC 2026 CFA二级/1.基础段/3.Quantitative Methods/0.CFA二级课程必看说明！.txt,二级,文件,2026,341
25&26年CFA二级电子资料,/CFA2026/25&26年CFA二级电子资料,二级,文件夹,2026,
2025CFA二级原版书教材,/CFA2026/25&26年CFA二级电子资料/2025CFA二级原版书教材,二级,文件夹,2026,
24CFA二级资料,/CFA2026/25&26年CFA二级电子资料/24CFA二级资料,二级,文件夹,2026,
2024CFA二级中文教材上.pdf,/CFA2026/25&26年CFA二级电子资料/24CFA二级资料/2024CFA二级中文教材上.pdf,二级,文件,2026,163252304
2024CFA二级中文教材下.pdf,/CFA2026/25&26年CFA二级电子资料/24CFA二级资料/2024CFA二级中文教材下.pdf,二级,文件,2026,154401244
2024年cfa二级教材,/CFA2026/25&26年CFA二级电子资料/24CFA二级资料/2024年cfa二级教材,二级,文件夹,2026,
2024CFA一级原版书教材,/CFA2026/25&26年CFA二级电子资料/24CFA二级资料/2024年cfa二级教材/2024CFA一级原版书教材,二级,文件夹,2026,
CFA 2024 Curriculum L1 Vol 1.pdf,/CFA2026/25&26年CFA二级电子资料/24CFA二级资料/2024年cfa二级教材/2024CFA一级原版书教材/CFA 2024 Curriculum L1 Vol 1.pdf,二级,文件,2026,16670042
CFA 2024 Curriculum L1 Vol 2.pdf,/CFA2026/25&26年CFA二级电子资料/24CFA二级资料/2024年cfa二级教材/2024CFA一级原版书教材/CFA 2024 Curriculum L1 Vol 2.pdf,二级,文件,2026,7405742
CFA 2024 Curriculum L1 Vol 3.pdf,/CFA2026/25&26年CFA二级电子资料/24CFA二级资料/2024年cfa二级教材/2024CFA一级原版书教材/CFA 2024 Curriculum L1 Vol 3.pdf,二级,文件,2026,7031134
CFA 2024 Curriculum L1 Vol 4.pdf,/CFA2026/25&26年CFA二级电子资料/24CFA二级资料/2024年cfa二级教材/2024CFA一级原版书教材/CFA 2024 Curriculum L1 Vol 4.pdf,二级,文件,2026,12271748
CFA 2024 Curriculum L1 Vol 5.pdf,/CFA2026/25&26年CFA二级电子资料/24CFA二级资料/2024年cfa二级教材/2024CFA一级原版书教材/CFA 2024 Curriculum L1 Vol 5.pdf,二级,文件,2026,10210395
CFA 2024 Curriculum L1 Vol 6.pdf,/CFA2026/25&26年CFA二级电子资料/24CFA二级资料/2024年cfa二级教材/2024CFA一级原版书教材/CFA 2024 Curriculum L1 Vol 6.pdf,二级,文件,2026,3616095
2024CFA二级notes,/CFA2026/25&26年CFA二级电子资料/24CFA二级资料/2024年cfa二级教材/2024CFA二级notes,二级,文件夹,2026,
CFA 2024 Level II - Schweser Quicksheet.pdf,/CFA2026/25&26年CFA二级电子资料/24CFA二级资料/2024年cfa二级教材/2024CFA二级notes/CFA 2024 Level II - Schweser Quicksheet.pdf,二级,文件,2026,4388238
CFA 2024 Level II - SchweserNotes Book 1.pdf,/CFA2026/25&26年CFA二级电子资料/24CFA二级资料/2024年cfa二级教材/2024CFA二级notes/CFA 2024 Level II - SchweserNotes Book 1.pdf,二级,文件,2026,3796425
CFA 2024 Level II - SchweserNotes Book 2.pdf,/CFA2026/25&26年CFA二级电子资料/24CFA二级资料/2024年cfa二级教材/2024CFA二级notes/CFA 2024 Level II - SchweserNotes Book 2.pdf,二级,文件,2026,3900919
CFA 2024 Level II - SchweserNotes Book 3.pdf,/CFA2026/25&26年CFA二级电子资料/24CFA二级资料/2024年cfa二级教材/2024CFA二级notes/CFA 2024 Level II - SchweserNotes Book 3.pdf,二级,文件,2026,4402785
CFA 2024 Level II - SchweserNotes Book 4.pdf,/CFA2026/25&26年CFA二级电子资料/24CFA二级资料/2024年cfa二级教材/2024CFA二级notes/CFA 2024 Level II - SchweserNotes Book 4.pdf,二级,文件,2026,4170589
CFA 2024 Level II - SchweserNotes Book 5.pdf,/CFA2026/25&26年CFA二级电子资料/24CFA二级资料/2024年cfa二级教材/2024CFA二级notes/CFA 2024 Level II - SchweserNotes Book 5.pdf,二级,文件,2026,2767082
2024CFA二级课后题,/CFA2026/25&26年CFA二级电子资料/24CFA二级资料/2024年cfa二级教材/2024CFA二级课后题,二级,文件夹,2026,
CFA 2024 二级原版书,/CFA2026/25&26年CFA二级电子资料/24CFA二级资料/2024年cfa二级教材/CFA 2024 二级原版书,二级,文件夹,2026,
CFA 2024 Curriculum L2 Vol 1.pdf,/CFA2026/25&26年CFA二级电子资料/24CFA二级资料/2024年cfa二级教材/CFA 2024 二级原版书/CFA 2024 Curriculum L2 Vol 1.pdf,二级,文件,2026,17674542
CFA 2024 Curriculum L2 Vol 2.pdf,/CFA2026/25&26年CFA二级电子资料/24CFA二级资料/2024年cfa二级教材/CFA 2024 二级原版书/CFA 2024 Curriculum L2 Vol 2.pdf,二级,文件,2026,4195331
CFA 2024 Curriculum L2 Vol 3.pdf,/CFA2026/25&26年CFA二级电子资料/24CFA二级资料/2024年cfa二级教材/CFA 2024 二级原版书/CFA 2024 Curriculum L2 Vol 3.pdf,二级,文件,2026,4567883
CFA 2024 Curriculum L2 Vol 4.pdf,/CFA2026/25&26年CFA二级电子资料/24CFA二级资料/2024年cfa二级教材/CFA 2024 二级原版书/CFA 2024 Curriculum L2 Vol 4.pdf,二级,文件,2026,11608457
CFA 2024 Curriculum L2 Vol 5.pdf,/CFA2026/25&26年CFA二级电子资料/24CFA二级资料/2024年cfa二级教材/CFA 2024 二级原版书/CFA 2024 Curriculum L2 Vol 5.pdf,二级,文件,2026,8279739
CFA 2024 Curriculum L2 Vol 6.pdf,/CFA2026/25&26年CFA二级电子资料/24CFA二级资料/2024年cfa二级教材/CFA 2024 二级原版书/CFA 2024 Curriculum L2 Vol 6.pdf,二级,文件,2026,5261242
25年CFA二级notes,/CFA2026/25&26年CFA二级电子资料/25年CFA二级notes,二级,文件夹,2026,
CFA道德（2025考纲）-三级别通用.pdf,/CFA2026/25&26年CFA二级电子资料/CFA道德（2025考纲）-三级别通用.pdf,三级,文件,2026,30789239
品职教育CFA二级公式秘钥.pdf,/CFA2026/25&26年CFA二级电子资料/公式秘钥/品职教育CFA二级公式秘钥.pdf,二级,文件,2026,1583911
品职教育 2025 CFA二级框架图(1).pdf,/CFA2026/25&26年CFA二级电子资料/品职教育 2025 CFA二级框架图(1).pdf,二级,文件,2026,12543115
品职教育道德（2025）-中文精讲.pdf,/CFA2026/25&26年CFA二级电子资料/品职教育道德（2025）-中文精讲.pdf,二级,文件,2026,5271137
2023 CFA二级 框架图,/CFA2026/C2思维导图/2023 CFA二级 框架图,二级,文件夹,2026,
2023 品职教育CFA二级知识框架图_Economics_何旋.pdf,/CFA2026/C2思维导图/2023 CFA二级 框架图/2023 品职教育CFA二级知识框架图_Economics_何旋.pdf,二级,文件,2026,1245101
2023.05 品职教育 CFA 二级 Corporate Issuers 知识框架图.pdf,/CFA2026/C2思维导图/2023 CFA二级 框架图/2023.05 品职教育 CFA 二级 Corporate Issuers 知识框架图.pdf,二级,文件,2026,2048863
品职教育 2023.5CFA二级Equity知识框架图.pdf,/CFA2026/C2思维导图/2023 CFA二级 框架图/品职教育 2023.5CFA二级Equity知识框架图.pdf,二级,文件,2026,1297740
品职教育CFA二级知识框架图 Alternative 李斯克 2023.05.pdf,/CFA2026/C2思维导图/2023 CFA二级 框架图/品职教育CFA二级知识框架图 Alternative 李斯克 2023.05.pdf,二级,文件,2026,1250709
CFA二级核心考点_另类.pdf,/CFA2026/C2思维导图/L2-精讲另类-Sylvia/CFA二级核心考点_另类.pdf,二级,文件,2026,640946
cfa二级(持续更新),/CFA2026/C2思维导图/cfa二级(持续更新),二级,文件夹,2026,
CFA 2024 Level II - Schweser Quicksheet.pdf,/CFA2026/CFA 2024 Level II - Schweser Quicksheet.pdf,二级,文件,2026,4388238
CFA 2024 Level II - SchweserNotes Book 1Quantitative Methods and Economics.pdf,/CFA2026/CFA 2024 Level II - SchweserNotes Book 1Quantitative Methods and Economics.pdf,二级,文件,2026,3856161
CFA 2024 Level II - SchweserNotes Book 2 Financial Statement Analysis and Corporate Issuers.pdf,/CFA2026/CFA 2024 Level II - SchweserNotes Book 2 Financial Statement Analysis and Corporate Issuers.pdf,二级,文件,2026,3934526
CFA 2024 Level II - SchweserNotes Book 3Equity Valuation.pdf,/CFA2026/CFA 2024 Level II - SchweserNotes Book 3Equity Valuation.pdf,二级,文件,2026,4424631
"CFA 2024 Level II - SchweserNotes Book 4Fixed Income, Derivatives, and Alternative Investments.pdf","/CFA2026/CFA 2024 Level II - SchweserNotes Book 4Fixed Income, Derivatives, and Alternative Investments.pdf",二级,文件,2026,4192915
CFA 2024 Level II - SchweserNotes Book 5Portfolio Management and Ethical and Professional Standards.pdf,/CFA2026/CFA 2024 Level II - SchweserNotes Book 5Portfolio Management and Ethical and Professional Standards.pdf,二级,文件,2026,2800613
CFA二级JC,/CFA2026/CFA二级JC,二级,文件夹,2026,
1.CFA二级前导_Part_I_标准版.pdf,/CFA2026/CFA二级JC/1.前导段沿用(基础班会重讲可不听)/1.前导 Part I/0.讲义/1.CFA二级前导_Part_I_标准版.pdf,二级,文件,2026,2059613
2.CFA二级前导_Part_I_打印版.pdf,/CFA2026/CFA二级JC/1.前导段沿用(基础班会重讲可不听)/1.前导 Part I/0.讲义/2.CFA二级前导_Part_I_打印版.pdf,二级,文件,2026,1139133
1.CFA二级前导_Part_II_标准版.pdf,/CFA2026/CFA二级JC/1.前导段沿用(基础班会重讲可不听)/2.前导 Part Ⅱ/0.讲义/1.CFA二级前导_Part_II_标准版.pdf,二级,文件,2026,1167827
2.CFA二级前导_Part_II_打印版.pdf,/CFA2026/CFA二级JC/1.前导段沿用(基础班会重讲可不听)/2.前导 Part Ⅱ/0.讲义/2.CFA二级前导_Part_II_打印版.pdf,二级,文件,2026,479868
CFA二级基础段公司金融_Tom_打印版.pdf,/CFA2026/CFA二级JC/2.基础段/10.Corporate Issuers/CFA二级基础段公司金融_Tom_打印版.pdf,二级,文件,2026,809728
CFA二级基础段公司金融_Tom_标准版.pdf,/CFA2026/CFA二级JC/2.基础段/10.Corporate Issuers/CFA二级基础段公司金融_Tom_标准版.pdf,二级,文件,2026,2317825
CFA二级基础段道德_Cherie_打印版.pdf,/CFA2026/CFA二级JC/2.基础段/4.Ethical and Professional Standard s/0.讲义/CFA二级基础段道德_Cherie_打印版.pdf,二级,文件,2026,824189
CFA二级基础段道德_Cherie_标椎版.pdf,/CFA2026/CFA二级JC/2.基础段/4.Ethical and Professional Standard s/0.讲义/CFA二级基础段道德_Cherie_标椎版.pdf,二级,文件,2026,3992643
CFA二级基础段数量_Irene_打印版.pdf,/CFA2026/CFA二级JC/2.基础段/5-Quantitative Methods/讲义/CFA二级基础段数量_Irene_打印版.pdf,二级,文件,2026,2587521
CFA二级基础段数量_Irene_标准版.pdf,/CFA2026/CFA二级JC/2.基础段/5-Quantitative Methods/讲义/CFA二级基础段数量_Irene_标准版.pdf,二级,文件,2026,6305070
1.CFA二级基础段财报_Tom_标准版.pdf,/CFA2026/CFA二级JC/2.基础段/6.Financial Statement Analysis/讲义/1.CFA二级基础段财报_Tom_标准版.pdf,二级,文件,2026,4265842
2.CFA二级基础段财报_Tom_打印版.pdf,/CFA2026/CFA二级JC/2.基础段/6.Financial Statement Analysis/讲义/2.CFA二级基础段财报_Tom_打印版.pdf,二级,文件,2026,1045225
1.CFA二级基础段权益_Tom_标准版.pdf,/CFA2026/CFA二级JC/2.基础段/7.Equity/讲义/1.CFA二级基础段权益_Tom_标准版.pdf,二级,文件,2026,1823024
2.CFA二级基础段权益_Tom_打印版.pdf,/CFA2026/CFA二级JC/2.基础段/7.Equity/讲义/2.CFA二级基础段权益_Tom_打印版.pdf,二级,文件,2026,823671
1.CFA二级基础段另类_Tom_标准版.pdf,/CFA2026/CFA二级JC/2.基础段/8.Alternative Investments/1.CFA二级基础段另类_Tom_标准版.pdf,二级,文件,2026,3492979
2.CFA二级基础段另类_Tom_打印版.pdf,/CFA2026/CFA二级JC/2.基础段/8.Alternative Investments/2.CFA二级基础段另类_Tom_打印版.pdf,二级,文件,2026,814748
CFA二级基础段衍生_Jcy_打印版.pdf,/CFA2026/CFA二级JC/2.基础段/9.Derivatives/Jcy/0.讲义/CFA二级基础段衍生_Jcy_打印版.pdf,二级,文件,2026,761046
CFA二级基础段衍生_Jcy_标准版.pdf,/CFA2026/CFA二级JC/2.基础段/9.Derivatives/Jcy/0.讲义/CFA二级基础段衍生_Jcy_标准版.pdf,二级,文件,2026,2933520
CFA二级基础段衍生_Tom_打印版.pdf,/CFA2026/CFA二级JC/2.基础段/9.Derivatives/Tom Han/0.讲义/CFA二级基础段衍生_Tom_打印版.pdf,二级,文件,2026,598408
CFA二级基础段衍生_Tom_标准版.pdf,/CFA2026/CFA二级JC/2.基础段/9.Derivatives/Tom Han/0.讲义/CFA二级基础段衍生_Tom_标准版.pdf,二级,文件,2026,1068219
CFA二级总复习另类_Tom_打印版.pdf,/CFA2026/CFA二级JC/4.强化段/Alternative Investments/0.讲义/CFA二级总复习另类_Tom_打印版.pdf,二级,文件,2026,370150
1.CFA二级核心考点_公司金融.pdf,/CFA2026/CFA二级JC/4.强化段/Corporate Issuers/1.CFA二级核心考点_公司金融.pdf,二级,文件,2026,305074
2.CFA二级总复习公金_Tom_标准版.pdf,/CFA2026/CFA二级JC/4.强化段/Corporate Issuers/2.CFA二级总复习公金_Tom_标准版.pdf,二级,文件,2026,831218
3.CFA二级总复习公金_Tom_打印版.pdf,/CFA2026/CFA二级JC/4.强化段/Corporate Issuers/3.CFA二级总复习公金_Tom_打印版.pdf,二级,文件,2026,478974
1.CFA二级核心考点_衍生.pdf,/CFA2026/CFA二级JC/4.强化段/Derivatives/0.讲义/1.CFA二级核心考点_衍生.pdf,二级,文件,2026,464249
2.CFA二级总复习衍生_Irene_标准版.pdf,/CFA2026/CFA二级JC/4.强化段/Derivatives/0.讲义/2.CFA二级总复习衍生_Irene_标准版.pdf,二级,文件,2026,1103296
3.CFA二级总复习衍生_Irene_打印版.pdf,/CFA2026/CFA二级JC/4.强化段/Derivatives/0.讲义/3.CFA二级总复习衍生_Irene_打印版.pdf,二级,文件,2026,455164
1.CFA二级核心考点_经济学.pdf,/CFA2026/CFA二级JC/4.强化段/Economics/0.讲义/1.CFA二级核心考点_经济学.pdf,二级,文件,2026,894417
2.CFA二级总复习经济_Vincent_标准版.pdf,/CFA2026/CFA二级JC/4.强化段/Economics/0.讲义/2.CFA二级总复习经济_Vincent_标准版.pdf,二级,文件,2026,1320765
3.CFA二级总复习经济_Vincent_打印版.pdf,/CFA2026/CFA二级JC/4.强化段/Economics/0.讲义/3.CFA二级总复习经济_Vincent_打印版.pdf,二级,文件,2026,533636
1.CFA二级核心考点_权益.pdf,/CFA2026/CFA二级JC/4.强化段/Equity/0.讲义/1.CFA二级核心考点_权益.pdf,二级,文件,2026,514550
2.CFA二级总复习权益_Tom_标准版.pdf,/CFA2026/CFA二级JC/4.强化段/Equity/0.讲义/2.CFA二级总复习权益_Tom_标准版.pdf,二级,文件,2026,967833
3.CFA二级总复习权益_Tom_打印版.pdf,/CFA2026/CFA二级JC/4.强化段/Equity/0.讲义/3.CFA二级总复习权益_Tom_打印版.pdf,二级,文件,2026,473275
1.CFA二级总复习道德_Vincent_标准版.pdf,/CFA2026/CFA二级JC/4.强化段/Ethical and Professional Standards/0.讲义/1.CFA二级总复习道德_Vincent_标准版.pdf,二级,文件,2026,1822475
2.CFA二级总复习道德_Vincent_打印版.pdf,/CFA2026/CFA二级JC/4.强化段/Ethical and Professional Standards/0.讲义/2.CFA二级总复习道德_Vincent_打印版.pdf,二级,文件,2026,990006
3.CFA二级核心考点_道德.pdf,/CFA2026/CFA二级JC/4.强化段/Ethical and Professional Standards/0.讲义/3.CFA二级核心考点_道德.pdf,二级,文件,2026,1512462
1.CFA二级核心考点_财报.pdf,/CFA2026/CFA二级JC/4.强化段/Financial Statement Analysis/1.CFA二级核心考点_财报.pdf,二级,文件,2026,732564
2.CFA二级总复习财报_Tom_标准版.pdf,/CFA2026/CFA二级JC/4.强化段/Financial Statement Analysis/2.CFA二级总复习财报_Tom_标准版.pdf,二级,文件,2026,1013399
3.CFA二级总复习财报_Tom_打印版.pdf,/CFA2026/CFA二级JC/4.强化段/Financial Statement Analysis/3.CFA二级总复习财报_Tom_打印版.pdf,二级,文件,2026,499779
1.CFA二级总复习固收_Vincent_标准版.pdf,/CFA2026/CFA二级JC/4.强化段/Fixed Income/0.讲义/1.CFA二级总复习固收_Vincent_标准版.pdf,二级,文件,2026,2199308
2.CFA二级总复习固收_Vincent_打印版.pdf,/CFA2026/CFA二级JC/4.强化段/Fixed Income/0.讲义/2.CFA二级总复习固收_Vincent_打印版.pdf,二级,文件,2026,619013
3.CFA二级核心考点_固收.pdf,/CFA2026/CFA二级JC/4.强化段/Fixed Income/0.讲义/3.CFA二级核心考点_固收.pdf,二级,文件,2026,932339
1.CFA二级核心考点_组合.pdf,/CFA2026/CFA二级JC/4.强化段/Portfolio Management/0.讲义/1.CFA二级核心考点_组合.pdf,二级,文件,2026,823753
2.CFA二级总复习组合_Irene_标准版.pdf,/CFA2026/CFA二级JC/4.强化段/Portfolio Management/0.讲义/2.CFA二级总复习组合_Irene_标准版.pdf,二级,文件,2026,1849284
3.CFA二级总复习组合_Irene_打印版.pdf,/CFA2026/CFA二级JC/4.强化段/Portfolio Management/0.讲义/3.CFA二级总复习组合_Irene_打印版.pdf,二级,文件,2026,587416
1.CFA二级总复习组合_Irene_标准版.pdf,/CFA2026/CFA二级JC/4.强化段/Quantitative Methods/0.讲义/1.CFA二级总复习组合_Irene_标准版.pdf,二级,文件,2026,3184687
2.CFA二级总复习组合_Irene_打印版.pdf,/CFA2026/CFA二级JC/4.强化段/Quantitative Methods/0.讲义/2.CFA二级总复习组合_Irene_打印版.pdf,二级,文件,2026,1619437
3.CFA二级核心考点_数量.pdf,/CFA2026/CFA二级JC/4.强化段/Quantitative Methods/0.讲义/3.CFA二级核心考点_数量.pdf,二级,文件,2026,1228385
CFA二级百题预测（全科目）_答案.pdf,/CFA2026/CFA二级JC/5.百题/CFA二级百题预测（全科目）_答案.pdf,二级,文件,2026,53888137
CFA二级百题预测（全科目）_题目.pdf,/CFA2026/CFA二级JC/5.百题/CFA二级百题预测（全科目）_题目.pdf,二级,文件,2026,175898647
CFA二级密卷_学员版_答案.pdf,/CFA2026/CFA二级JC/6.密卷/密卷讲义/CFA二级密卷_学员版_答案.pdf,二级,文件,2026,532408
CFA二级密卷_学员版_题目.pdf,/CFA2026/CFA二级JC/6.密卷/密卷讲义/CFA二级密卷_学员版_题目.pdf,二级,文件,2026,616642
CFA二级备考计划表（详细到知识点）.xlsx,/CFA2026/CFA二级JC/百日计划表/CFA二级备考计划表（详细到知识点）.xlsx,二级,文件,2026,45514
CFA二级知识精讲,/CFA2026/CFA二级知识精讲,二级,文件夹,2026,
CFA二级核心考点_另类JC.pdf,/CFA2026/CFA二级知识精讲/7.另类 sylvia/CFA二级核心考点_另类JC.pdf,二级,文件,2026,640946
CFA二级课后题 24,/CFA2026/CFA二级知识精讲/CFA二级课后题 24,二级,文件夹,2026,
品职教育2025年CFA二级学科速成攻略.pdf,/CFA2026/品职教育2025年CFA二级学科速成攻略.pdf,二级,文件,2026,9246744
CFA习题串讲直播,/CFA2026/复习/CFA习题串讲直播,未标注,文件夹,2026,
CFA一级知识框架笔记合并版.pdf,/CFA2026/知识道德/CFA一级知识框架笔记合并版.pdf,一级,文件,2026,40861892
品职教育2023年CFA一级错题本合集_纯图版.pdf,/CFA2026/知识道德/品职教育2023年CFA一级错题本合集_纯图版.pdf,一级,文件,2026,42887354
cfa三级,/cfa三级,未标注,文件夹,0,
CFA,/cfa三级/CFA,未标注,文件夹,0,
最新cfa frm电子资料,/cfa三级/CFA/最新cfa frm电子资料,未标注,文件夹,0,
24cfa二级,/cfa三级/CFA/最新cfa frm电子资料/24cfa二级,二级,文件夹,0,
2024 CFA Level II - SchweserNotes,/cfa三级/CFA/最新cfa frm电子资料/24cfa二级/2024 CFA Level II - SchweserNotes,二级,文件夹,2024,
CFA三级,/cfa三级/CFA/最新cfa frm电子资料/CFA三级,三级,文件夹,0,
2024CFA三级notes,/cfa三级/CFA/最新cfa frm电子资料/CFA三级/2024CFA三级notes,三级,文件夹,2024,
CFA 2024 Level III - Schweser Quicksheet.pdf,/cfa三级/CFA/最新cfa frm电子资料/CFA三级/2024CFA三级notes/CFA 2024 Level III - Schweser Quicksheet.pdf,三级,文件,2024,1117760
CFA 2024 Level III - SchweserNotes Book 1.pdf,/cfa三级/CFA/最新cfa frm电子资料/CFA三级/2024CFA三级notes/CFA 2024 Level III - SchweserNotes Book 1.pdf,三级,文件,2024,2098903
CFA 2024 Level III - SchweserNotes Book 2.pdf,/cfa三级/CFA/最新cfa frm电子资料/CFA三级/2024CFA三级notes/CFA 2024 Level III - SchweserNotes Book 2.pdf,三级,文件,2024,3420376
CFA 2024 Level III - SchweserNotes Book 3.pdf,/cfa三级/CFA/最新cfa frm电子资料/CFA三级/2024CFA三级notes/CFA 2024 Level III - SchweserNotes Book 3.pdf,三级,文件,2024,4872513
CFA 2024 Level III - SchweserNotes Book 4.pdf,/cfa三级/CFA/最新cfa frm电子资料/CFA三级/2024CFA三级notes/CFA 2024 Level III - SchweserNotes Book 4.pdf,三级,文件,2024,2891345
CFA 2024 Level III - SchweserNotes Book 5.pdf,/cfa三级/CFA/最新cfa frm电子资料/CFA三级/2024CFA三级notes/CFA 2024 Level III - SchweserNotes Book 5.pdf,三级,文件,2024,3852362
2024年CFA三级教材,/cfa三级/CFA/最新cfa frm电子资料/CFA三级/2024年CFA三级教材,三级,文件夹,2024,
CFA 2024 Curriculum L3 Vol 1.pdf,/cfa三级/CFA/最新cfa frm电子资料/CFA三级/2024年CFA三级教材/2024年教材/CFA 2024 Curriculum L3 Vol 1.pdf,三级,文件,2024,11162573
CFA 2024 Curriculum L3 Vol 2.pdf,/cfa三级/CFA/最新cfa frm电子资料/CFA三级/2024年CFA三级教材/2024年教材/CFA 2024 Curriculum L3 Vol 2.pdf,三级,文件,2024,10496425
CFA 2024 Curriculum L3 Vol 3.pdf,/cfa三级/CFA/最新cfa frm电子资料/CFA三级/2024年CFA三级教材/2024年教材/CFA 2024 Curriculum L3 Vol 3.pdf,三级,文件,2024,10160078
CFA 2024 Curriculum L3 Vol 4.pdf,/cfa三级/CFA/最新cfa frm电子资料/CFA三级/2024年CFA三级教材/2024年教材/CFA 2024 Curriculum L3 Vol 4.pdf,三级,文件,2024,5422343
CFA 2024 Curriculum L3 Vol 5.pdf,/cfa三级/CFA/最新cfa frm电子资料/CFA三级/2024年CFA三级教材/2024年教材/CFA 2024 Curriculum L3 Vol 5.pdf,三级,文件,2024,5344861
CFA 2024 Curriculum L3 Vol 6.pdf,/cfa三级/CFA/最新cfa frm电子资料/CFA三级/2024年CFA三级教材/2024年教材/CFA 2024 Curriculum L3 Vol 6.pdf,三级,文件,2024,2463424
CFA二级课后题 24,/cfa三级/CFA/最新cfa frm电子资料/CFA二级课后题 24,二级,文件夹,0,
CFA2级,/cfa三级/CFA2级,未标注,文件夹,0,
CFA一级2024,/cfa三级/CFA2级/大语文等多个文件等多个文件/2024/CFA一级2024,一级,文件夹,2024,
24cfa一级电子版资料,/cfa三级/CFA2级/大语文等多个文件等多个文件/2024/CFA一级2024/24cfa一级电子版资料,一级,文件夹,2024,
2024 CFA Level III - SchweserNotes,/cfa三级/CFA2级/大语文等多个文件等多个文件/2024/CFA一级2024/24cfa一级电子版资料/2024 CFA Level III - SchweserNotes,三级,文件夹,2024,
CFA 2024 Level III - SchweserNotes Book 5.pdf,/cfa三级/CFA2级/大语文等多个文件等多个文件/2024/CFA一级2024/24cfa一级电子版资料/2024 CFA Level III - SchweserNotes/CFA 2024 Level III - SchweserNotes Book 5.pdf,三级,文件,2024,4006589
2024 CFA 一级 KAPLAN notes,/cfa三级/CFA2级/大语文等多个文件等多个文件/2024/CFA一级2024/24cfa一级电子版资料/2024 CFA 一级 KAPLAN notes,一级,文件夹,2024,
CFA 2024 SCH L1 B1.pdf,/cfa三级/CFA2级/大语文等多个文件等多个文件/2024/CFA一级2024/24cfa一级电子版资料/2024 CFA 一级 KAPLAN notes/CFA 2024 SCH L1 B1.pdf,一级,文件,2024,4201967
CFA 2024 SCH L1 B4.pdf,/cfa三级/CFA2级/大语文等多个文件等多个文件/2024/CFA一级2024/24cfa一级电子版资料/2024 CFA 一级 KAPLAN notes/CFA 2024 SCH L1 B4.pdf,一级,文件,2024,2280325
23CFA二级notes,/cfa三级/CFA2级/大语文等多个文件等多个文件/2024/CFA一级2024/24cfa一级电子版资料/23CFA二级notes,二级,文件夹,2024,
CFA 2023 Level II - SchweserNotes Book 1.pdf,/cfa三级/CFA2级/大语文等多个文件等多个文件/2024/CFA一级2024/24cfa一级电子版资料/23CFA二级notes/CFA 2023 Level II - SchweserNotes Book 1.pdf,二级,文件,2024,3262605
CFA 2023 Level II - SchweserNotes Book 3.pdf,/cfa三级/CFA2级/大语文等多个文件等多个文件/2024/CFA一级2024/24cfa一级电子版资料/23CFA二级notes/CFA 2023 Level II - SchweserNotes Book 3.pdf,二级,文件,2024,5990193
Cfa一级2024等多个文件,/cfa三级/CFA2级/大语文等多个文件等多个文件/2024/CFA一级2024/24cfa一级电子版资料/Cfa一级2024等多个文件,一级,文件夹,2024,
24CFA一级中文教材,/cfa三级/CFA2级/大语文等多个文件等多个文件/2024/CFA一级2024/24cfa一级电子版资料/Cfa一级2024等多个文件/24CFA一级中文教材,一级,文件夹,2024,
cfa-program2024L1V1（数量、 经济）.pdf,/cfa三级/CFA2级/大语文等多个文件等多个文件/2024/CFA一级2024/24cfa一级电子版资料/原版教材 2024/cfa-program2024L1V1（数量、 经济）.pdf,一级,文件,2024,5759767
CFA一级,/cfa三级/CFA2级/大语文等多个文件等多个文件/2024/CFA一级2024/CFA一级,一级,文件夹,2024,
2023CFA一级JC长线班,/cfa三级/CFA2级/大语文等多个文件等多个文件/2024/CFA一级2024/CFA一级/2023CFA一级JC长线班,一级,文件夹,2024,
CFA一级前导段数量_Vincent_打印版.pdf,/cfa三级/CFA2级/大语文等多个文件等多个文件/2024/CFA一级2024/CFA一级/2023CFA一级JC长线班/1.前导段/讲义汇总/CFA一级前导段数量_Vincent_打印版.pdf,一级,文件,2024,750036
CFA一级前导段财务前导_Irene_标准版.pdf,/cfa三级/CFA2级/大语文等多个文件等多个文件/2024/CFA一级2024/CFA一级/2023CFA一级JC长线班/1.前导段/讲义汇总/CFA一级前导段财务前导_Irene_标准版.pdf,一级,文件,2024,681470
2.CFA一级基础段权益_Tom_打印版.pdf,/cfa三级/CFA2级/大语文等多个文件等多个文件/2024/CFA一级2024/CFA一级/2023CFA一级JC长线班/2.基础/5.Equity/0.讲义/2.CFA一级基础段权益_Tom_打印版.pdf,一级,文件,2024,2563572
1.CFA一级基础段另类_Tom_标准版.pdf,/cfa三级/CFA2级/大语文等多个文件等多个文件/2024/CFA一级2024/CFA一级/2023CFA一级JC长线班/2.基础/7.Alternative Investments/0.讲义/1.CFA一级基础段另类_Tom_标准版.pdf,一级,文件,2024,1743343
CFA一级基础段财报_Tom_打印版.pdf,/cfa三级/CFA2级/大语文等多个文件等多个文件/2024/CFA一级2024/CFA一级/2023CFA一级JC长线班/2.基础班第二个老师/第二位老师/3.Financial Statement Analysis----Jcy/Tom/CFA一级基础段财报_Tom_打印版.pdf,一级,文件,2024,3651403
CFA一级基础段_公金_Irene_标准版.pdf,/cfa三级/CFA2级/大语文等多个文件等多个文件/2024/CFA一级2024/CFA一级/2023CFA一级JC长线班/2.基础班第二个老师/第二位老师/4.Corporate Issuers/Irene Wang/CFA一级基础段_公金_Irene_标准版.pdf,一级,文件,2024,3894371
CFA一级基础段固收_Tom_标准版.pdf,/cfa三级/CFA2级/大语文等多个文件等多个文件/2024/CFA一级2024/CFA一级/2023CFA一级JC长线班/2.基础班第二个老师/第二位老师/6.Fixed Income/Tom Han/CFA一级基础段固收_Tom_标准版.pdf,一级,文件,2024,5459813
CFA一级基础段另类_Bob_金程（打印版）.pdf,/cfa三级/CFA2级/大语文等多个文件等多个文件/2024/CFA一级2024/CFA一级/2023CFA一级JC长线班/2.基础班第二个老师/第二位老师/7.Alternative Investments/Bob Hong/CFA一级基础段另类_Bob_金程（打印版）.pdf,一级,文件,2024,662776
CFA一级基础段另类_Bob_金程（标准版）.pdf,/cfa三级/CFA2级/大语文等多个文件等多个文件/2024/CFA一级2024/CFA一级/2023CFA一级JC长线班/2.基础班第二个老师/第二位老师/7.Alternative Investments/Bob Hong/CFA一级基础段另类_Bob_金程（标准版）.pdf,一级,文件,2024,1515898
CFA一级基础段道德_Chris_打印版.pdf,/cfa三级/CFA2级/大语文等多个文件等多个文件/2024/CFA一级2024/CFA一级/2023CFA一级JC长线班/2.基础班第二个老师/第二位老师/9.Ethical and Professional Standards/Chris Lan/CFA一级基础段道德_Chris_打印版.pdf,一级,文件,2024,3065166
CFA一级基础段道德_Chris_标准版.pdf,/cfa三级/CFA2级/大语文等多个文件等多个文件/2024/CFA一级2024/CFA一级/2023CFA一级JC长线班/2.基础班第二个老师/第二位老师/9.Ethical and Professional Standards/Chris Lan/CFA一级基础段道德_Chris_标准版.pdf,一级,文件,2024,4158747
CFA一级强化班公司金融_Irene_打印版.pdf,/cfa三级/CFA2级/大语文等多个文件等多个文件/2024/CFA一级2024/CFA一级/2023CFA一级JC长线班/3.强化班/9.Corporate Issuers/CFA一级强化班公司金融_Irene_打印版.pdf,一级,文件,2024,3448787
CFA一级强化班公司金融_Irene_标准版.pdf,/cfa三级/CFA2级/大语文等多个文件等多个文件/2024/CFA一级2024/CFA一级/2023CFA一级JC长线班/3.强化班/9.Corporate Issuers/CFA一级强化班公司金融_Irene_标准版.pdf,一级,文件,2024,2194723
2023年CFA一级MockB1-90_答案.pdf,/cfa三级/CFA2级/大语文等多个文件等多个文件/2024/CFA一级2024/CFA一级/2023CFA一级JC长线班/冲刺模考/冲刺模考题/2.模拟考试（二）/2023年CFA一级MockB1-90_答案.pdf,一级,文件,2024,513016
2023年CFA一级MockB1~90_题目.pdf,/cfa三级/CFA2级/大语文等多个文件等多个文件/2024/CFA一级2024/CFA一级/2023CFA一级JC长线班/冲刺模考/冲刺模考题/2.模拟考试（二）/2023年CFA一级MockB1~90_题目.pdf,一级,文件,2024,663245
2023年CFA一级MockB91-180_答案.pdf,/cfa三级/CFA2级/大语文等多个文件等多个文件/2024/CFA一级2024/CFA一级/2023CFA一级JC长线班/冲刺模考/冲刺模考题/2.模拟考试（二）/2023年CFA一级MockB91-180_答案.pdf,一级,文件,2024,561701
CFA一级密卷_题目.pdf,/cfa三级/CFA2级/大语文等多个文件等多个文件/2024/CFA一级2024/CFA一级/2023CFA一级JC长线班/密卷/CFA一级密卷_题目.pdf,一级,文件,2024,1154536
CFA一级百题预测_企业理财.pdf,/cfa三级/CFA2级/大语文等多个文件等多个文件/2024/CFA一级2024/CFA一级/2023CFA一级JC长线班/百题视频讲解/百题题讲义/CFA一级百题预测_企业理财.pdf,一级,文件,2024,2327681
CFA一级百题预测_另类.pdf,/cfa三级/CFA2级/大语文等多个文件等多个文件/2024/CFA一级2024/CFA一级/2023CFA一级JC长线班/百题视频讲解/百题题讲义/CFA一级百题预测_另类.pdf,一级,文件,2024,1026716
CFA一级百题预测_固定收益.pdf,/cfa三级/CFA2级/大语文等多个文件等多个文件/2024/CFA一级2024/CFA一级/2023CFA一级JC长线班/百题视频讲解/百题题讲义/CFA一级百题预测_固定收益.pdf,一级,文件,2024,2115694
CFA一级百题预测_数量.pdf,/cfa三级/CFA2级/大语文等多个文件等多个文件/2024/CFA一级2024/CFA一级/2023CFA一级JC长线班/百题视频讲解/百题题讲义/CFA一级百题预测_数量.pdf,一级,文件,2024,2412753
CFA一级百题预测_道德.pdf,/cfa三级/CFA2级/大语文等多个文件等多个文件/2024/CFA一级2024/CFA一级/2023CFA一级JC长线班/百题视频讲解/百题题讲义/CFA一级百题预测_道德.pdf,一级,文件,2024,3336518
2023年CFA一级高等班,/cfa三级/CFA2级/大语文等多个文件等多个文件/2024/CFA一级2024/CFA一级/2023年CFA一级高等班,一级,文件夹,2024,
CFA一级28,/cfa三级/CFA2级/大语文等多个文件等多个文件/2024/CFA一级2024/CFA一级28,一级,文件夹,2024,
CFA一级GD2023.8月,/cfa三级/CFA2级/大语文等多个文件等多个文件/2024/CFA一级2024/CFA一级28/CFA一级GD2023.8月,一级,文件夹,2024,
CFA一级JC2023.8月,/cfa三级/CFA2级/大语文等多个文件等多个文件/2024/CFA一级2024/CFA一级28/CFA一级JC2023.8月,一级,文件夹,2024,
CFA一级前导段金融英语_Sinny_打印版.pdf,/cfa三级/CFA2级/大语文等多个文件等多个文件/2024/CFA一级2024/CFA一级28/CFA一级JC2023.8月/1.前导班(基础班会重讲可不听)/讲义汇总/CFA一级前导段金融英语_Sinny_打印版.pdf,一级,文件,2024,959096
1.CFA一级强化班权益_Jcy_标准版.pdf,/cfa三级/CFA2级/大语文等多个文件等多个文件/2024/CFA一级2024/CFA一级28/CFA一级JC2023.8月/3.强化班/1.Equity/1.CFA一级强化班权益_Jcy_标准版.pdf,一级,文件,2024,915720
CFA一级强化班数量金程教育Irene标准版.pdf,/cfa三级/CFA2级/大语文等多个文件等多个文件/2024/CFA一级2024/CFA一级28/CFA一级JC2023.8月/3.强化班/4.Quantitative Methods/CFA一级强化班数量金程教育Irene标准版.pdf,一级,文件,2024,2023135
CFA一级强化班财报金程教育TOM 标准版.pdf,/cfa三级/CFA2级/大语文等多个文件等多个文件/2024/CFA一级2024/CFA一级28/CFA一级JC2023.8月/3.强化班/5.Financial Statement Analysis/CFA一级强化班财报金程教育TOM 标准版.pdf,一级,文件,2024,2246467
CFA一级原版书课后题（高清）_职业伦理_金程教育_打印版.pdf,/cfa三级/CFA2级/大语文等多个文件等多个文件/2024/CFA一级2024/CFA一级28/CFA一级JC2023.8月/4.经典题/10.Ethical and professional standards/0.讲义/CFA一级原版书课后题（高清）_职业伦理_金程教育_打印版.pdf,一级,文件,2024,429920
CFA一级百题预测_组合管理_金程教育（打印版）.pdf,/cfa三级/CFA2级/大语文等多个文件等多个文件/2024/CFA一级2024/CFA一级28/CFA一级JC2023.8月/5.百题班/0.讲义/CFA一级百题预测_组合管理_金程教育（打印版）.pdf,一级,文件,2024,2912848
CFA一级5月,/cfa三级/CFA2级/大语文等多个文件等多个文件/2024/CFA一级2024/CFA一级5月,一级,文件夹,2024,
CFA一级GD2023.5月,/cfa三级/CFA2级/大语文等多个文件等多个文件/2024/CFA一级2024/CFA一级5月/CFA一级GD2023.5月,一级,文件夹,2024,
CFA一级JC2023.5月,/cfa三级/CFA2级/大语文等多个文件等多个文件/2024/CFA一级2024/CFA一级5月/CFA一级JC2023.5月,一级,文件夹,2024,
CFA一级前导段数量_Vincent_打印版.pdf,/cfa三级/CFA2级/大语文等多个文件等多个文件/2024/CFA一级2024/CFA一级5月/CFA一级JC2023.5月/1.前导班(基础班会重讲可不听)/讲义汇总/CFA一级前导段数量_Vincent_打印版.pdf,一级,文件,2024,765032
CFA一级前导段金融英语_Sinny_标准版.pdf,/cfa三级/CFA2级/大语文等多个文件等多个文件/2024/CFA一级2024/CFA一级5月/CFA一级JC2023.5月/1.前导班(基础班会重讲可不听)/讲义汇总/CFA一级前导段金融英语_Sinny_标准版.pdf,一级,文件,2024,1448525
cfa一级资料包,/cfa三级/CFA2级/大语文等多个文件等多个文件/2024/CFA一级2024/CFA一级5月/一级资料包/cfa一级资料包,一级,文件夹,2024,
一级CFA中文教材上册电子版.pdf,/cfa三级/CFA2级/大语文等多个文件等多个文件/2024/CFA一级2024/CFA一级5月/一级资料包/cfa一级资料包/2022最新中文教材/一级CFA中文教材上册电子版.pdf,一级,文件,2024,91724431
23CFA一级 kaplan qbank,/cfa三级/CFA2级/大语文等多个文件等多个文件/2024/CFA一级2024/CFA一级5月/一级资料包/cfa一级资料包/23CFA一级 kaplan qbank,一级,文件夹,2024,
23CFA一级notes,/cfa三级/CFA2级/大语文等多个文件等多个文件/2024/CFA一级2024/CFA一级5月/一级资料包/cfa一级资料包/23CFA一级notes,一级,文件夹,2024,
CFA 2023 Level I - Schweser Quicksheet.pdf,/cfa三级/CFA2级/大语文等多个文件等多个文件/2024/CFA一级2024/CFA一级5月/一级资料包/cfa一级资料包/23CFA一级notes/CFA 2023 Level I - Schweser Quicksheet.pdf,一级,文件,2024,2380159
CFA 2023 Level I - SchweserNotes Book 5.pdf,/cfa三级/CFA2级/大语文等多个文件等多个文件/2024/CFA一级2024/CFA一级5月/一级资料包/cfa一级资料包/23CFA一级notes/CFA 2023 Level I - SchweserNotes Book 5.pdf,一级,文件,2024,2837524
23CFA一级课后题,/cfa三级/CFA2级/大语文等多个文件等多个文件/2024/CFA一级2024/CFA一级5月/一级资料包/cfa一级资料包/23CFA一级课后题,一级,文件夹,2024,
23CFA一题目.pdf,/cfa三级/CFA2级/大语文等多个文件等多个文件/2024/CFA一级2024/CFA一级5月/一级资料包/cfa一级资料包/23CFA一级课后题/23一级课后题 总/23CFA一题目.pdf,一级,文件,2024,3438663
23cfa一中文,/cfa三级/CFA2级/大语文等多个文件等多个文件/2024/CFA一级2024/CFA一级5月/一级资料包/cfa一级资料包/23cfa一中文,一级,文件夹,2024,
CFA 一级中文教材 下册.pdf,/cfa三级/CFA2级/大语文等多个文件等多个文件/2024/CFA一级2024/CFA一级5月/一级资料包/cfa一级资料包/23cfa一中文/CFA 一级中文教材 下册.pdf,一级,文件,2024,180227430
CFA Level 1 知识框架图10门科目合集_removed.pdf,/cfa三级/CFA2级/大语文等多个文件等多个文件/2024/CFA一级2024/CFA一级5月/一级资料包/cfa一级资料包/CFA Level 1 知识框架图10门科目合集_removed.pdf,一级,文件,2024,16110472
CFA 一级试题共18部分,/cfa三级/CFA2级/大语文等多个文件等多个文件/2024/CFA一级2024/CFA一级5月/一级资料包/cfa一级资料包/CFA 一级试题共18部分,一级,文件夹,2024,
CFA一级中文精读手册book1-5,/cfa三级/CFA2级/大语文等多个文件等多个文件/2024/CFA一级2024/CFA一级5月/一级资料包/cfa一级资料包/CFA一级中文精读手册book1-5,一级,文件夹,2024,
CFA一级中文精读session（1-3）_removed.pdf,/cfa三级/CFA2级/大语文等多个文件等多个文件/2024/CFA一级2024/CFA一级5月/一级资料包/cfa一级资料包/CFA一级中文精读手册book1-5/CFA一级中文精读session（1-3）_removed.pdf,一级,文件,2024,48501046
CFA一级中文精读session（11-14）_removed.pdf,/cfa三级/CFA2级/大语文等多个文件等多个文件/2024/CFA一级2024/CFA一级5月/一级资料包/cfa一级资料包/CFA一级中文精读手册book1-5/CFA一级中文精读session（11-14）_removed.pdf,一级,文件,2024,47745632
CFA一级中文精读session（7-10）_removed.pdf,/cfa三级/CFA2级/大语文等多个文件等多个文件/2024/CFA一级2024/CFA一级5月/一级资料包/cfa一级资料包/CFA一级中文精读手册book1-5/CFA一级中文精读session（7-10）_removed.pdf,一级,文件,2024,40875421
CFA一级GD24.2,/cfa三级/CFA2级/大语文等多个文件等多个文件/2024/CFA一级2024/CFA一级GD24.2,一级,文件夹,2024,
CFA一级JC24.2,/cfa三级/CFA2级/大语文等多个文件等多个文件/2024/CFA一级2024/CFA一级JC24.2,一级,文件夹,2024,
33-关于CFA协会 CFA称号和CFA课程.mp4,/cfa三级/CFA2级/大语文等多个文件等多个文件/2024/CFA一级2024/赠送王牌陈讲道德123级通用/33-关于CFA协会 CFA称号和CFA课程.mp4,一级,文件,2024,608057865
CFA二级2024,/cfa三级/CFA2级/大语文等多个文件等多个文件/2024/CFA二级2024,二级,文件夹,2024,
CFA二级2023,/cfa三级/CFA2级/大语文等多个文件等多个文件/2024/CFA二级2024/CFA二级2023,二级,文件夹,2024,
CFA二级 GD 2023,/cfa三级/CFA2级/大语文等多个文件等多个文件/2024/CFA二级2024/CFA二级2023/CFA二级 GD 2023,二级,文件夹,2024,
2023.5CFA二级GD,/cfa三级/CFA2级/大语文等多个文件等多个文件/2024/CFA二级2024/CFA二级2023/CFA二级 GD 2023/2023.5CFA二级GD,二级,文件夹,2024,
2023.8-11CFA二级GD,/cfa三级/CFA2级/大语文等多个文件等多个文件/2024/CFA二级2024/CFA二级2023/CFA二级 GD 2023/2023.8-11CFA二级GD,二级,文件夹,2024,
CFA2023年（框架图）-L2-36937,/cfa三级/CFA2级/大语文等多个文件等多个文件/2024/CFA二级2024/CFA二级2023/CFA二级 GD 2023/二级资料包2023/23GD资料/CFA2023年（框架图）-L2-36937,二级,文件夹,2024,
CFA二级中文精讲,/cfa三级/CFA2级/大语文等多个文件等多个文件/2024/CFA二级2024/CFA二级2023/CFA二级 GD 2023/二级资料包2023/CFA二级中文精讲,二级,文件夹,2024,
CFA二级中文精讲  1  第2版_14655668.pdf,/cfa三级/CFA2级/大语文等多个文件等多个文件/2024/CFA二级2024/CFA二级2023/CFA二级 GD 2023/二级资料包2023/CFA二级中文精讲/CFA二级中文精讲  1  第2版_14655668.pdf,二级,文件,2024,147441441
CFA二级框架图（23年 ）,/cfa三级/CFA2级/大语文等多个文件等多个文件/2024/CFA二级2024/CFA二级2023/CFA二级 GD 2023/二级资料包2023/CFA二级框架图（23年 ）,二级,文件夹,2024,
2023 品职教育CFA二级知识框架图_Economics_何旋.pdf,/cfa三级/CFA2级/大语文等多个文件等多个文件/2024/CFA二级2024/CFA二级2023/CFA二级 GD 2023/二级资料包2023/CFA二级框架图（23年 ）/2023 品职教育CFA二级知识框架图_Economics_何旋.pdf,二级,文件,2024,1647790
CFA二级 JC 2023,/cfa三级/CFA2级/大语文等多个文件等多个文件/2024/CFA二级2024/CFA二级2023/CFA二级 JC 2023,二级,文件夹,2024,
2023.5CFA二级JC,/cfa三级/CFA2级/大语文等多个文件等多个文件/2024/CFA二级2024/CFA二级2023/CFA二级 JC 2023/2023.5CFA二级JC,二级,文件夹,2024,
2.CFA二级基础段财报_Tom_打印版.pdf,/cfa三级/CFA2级/大语文等多个文件等多个文件/2024/CFA二级2024/CFA二级2023/CFA二级 JC 2023/2023.5CFA二级JC/2.基础段/6.Financial Statement Analysis-tom/讲义/2.CFA二级基础段财报_Tom_打印版.pdf,二级,文件,2024,1045225
2.CFA二级基础段权益_Tom_打印版.pdf,/cfa三级/CFA2级/大语文等多个文件等多个文件/2024/CFA二级2024/CFA二级2023/CFA二级 JC 2023/2023.5CFA二级JC/2.基础段/7.Equity-tom/讲义/2.CFA二级基础段权益_Tom_打印版.pdf,二级,文件,2024,823671
2.CFA二级基础段另类_Tom_打印版.pdf,/cfa三级/CFA2级/大语文等多个文件等多个文件/2024/CFA二级2024/CFA二级2023/CFA二级 JC 2023/2023.5CFA二级JC/2.基础段/8.Alternative Investments-tom/2.CFA二级基础段另类_Tom_打印版.pdf,二级,文件,2024,814748
CFA二级核心考点_另类.pdf,/cfa三级/CFA2级/大语文等多个文件等多个文件/2024/CFA二级2024/CFA二级2023/CFA二级 JC 2023/2023.5CFA二级JC/4.强化段/Alternative Investments/0.讲义/CFA二级核心考点_另类.pdf,二级,文件,2024,640946
3.CFA二级总复习权益_Tom_打印版.pdf,/cfa三级/CFA2级/大语文等多个文件等多个文件/2024/CFA二级2024/CFA二级2023/CFA二级 JC 2023/2023.5CFA二级JC/4.强化段/Equity/0.讲义/3.CFA二级总复习权益_Tom_打印版.pdf,二级,文件,2024,473275
2.CFA二级总复习财报_Tom_标准版.pdf,/cfa三级/CFA2级/大语文等多个文件等多个文件/2024/CFA二级2024/CFA二级2023/CFA二级 JC 2023/2023.5CFA二级JC/4.强化段/财报/2.CFA二级总复习财报_Tom_标准版.pdf,二级,文件,2024,1013399
2023.8-11CFA二级JC,/cfa三级/CFA2级/大语文等多个文件等多个文件/2024/CFA二级2024/CFA二级2023/CFA二级 JC 2023/2023.8-11CFA二级JC,二级,文件夹,2024,
2023年CFA二级考纲分析.pdf,/cfa三级/CFA2级/大语文等多个文件等多个文件/2024/CFA二级2024/CFA二级2023/CFA二级 JC 2023/二级资料包2023/2023年CFA二级考纲分析.pdf,二级,文件,2024,4066472
CFA二级框架图（23年 ）,/cfa三级/CFA2级/大语文等多个文件等多个文件/2024/CFA二级2024/CFA二级2023/CFA二级 JC 2023/二级资料包2023/CFA二级框架图（23年 ）,二级,文件夹,2024,
2023 CFA二级 框架图,/cfa三级/CFA2级/大语文等多个文件等多个文件/2024/CFA二级2024/CFA二级2023/CFA二级 JC 2023/二级资料包2023/CFA二级框架图（23年 ）/2023 CFA二级 框架图,二级,文件夹,2024,
品职教育 2023年CFA二级fixed income知识框架图_final (5月).pdf,/cfa三级/CFA2级/大语文等多个文件等多个文件/2024/CFA二级2024/CFA二级2023/CFA二级 JC 2023/二级资料包2023/CFA二级框架图（23年 ）/2023 CFA二级 框架图/品职教育 2023年CFA二级fixed income知识框架图_final (5月).pdf,二级,文件,2024,1736564
CFA二级2024,/cfa三级/CFA2级/大语文等多个文件等多个文件/2024/CFA二级2024/CFA二级2024,二级,文件夹,2024,
2024 CFA Level II,/cfa三级/CFA2级/大语文等多个文件等多个文件/2024/CFA二级2024/CFA二级2024/24资料包/2024 CFA Level II,二级,文件夹,2024,
cfa-program2024L2V1.PDF,/cfa三级/CFA2级/大语文等多个文件等多个文件/2024/CFA二级2024/CFA二级2024/24资料包/2024 CFA Level II/cfa-program2024L2V1.PDF,二级,文件,2024,9138149
cfa-program2024L2V5.PDF,/cfa三级/CFA2级/大语文等多个文件等多个文件/2024/CFA二级2024/CFA二级2024/24资料包/2024 CFA Level II/cfa-program2024L2V5.PDF,二级,文件,2024,7620251
24cfa二级notes,/cfa三级/CFA2级/大语文等多个文件等多个文件/2024/CFA二级2024/CFA二级2024/24资料包/24cfa二级notes,二级,文件夹,2024,
CFA 2024 Level II - SchweserNotes Book 3.pdf,/cfa三级/CFA2级/大语文等多个文件等多个文件/2024/CFA二级2024/CFA二级2024/24资料包/24cfa二级notes/CFA 2024 Level II - SchweserNotes Book 3.pdf,二级,文件,2024,4955807
CFA二级  gd,/cfa三级/CFA2级/大语文等多个文件等多个文件/2024/CFA二级2024/CFA二级2024/CFA二级  gd,二级,文件夹,2024,
CFA二级  jc,/cfa三级/CFA2级/大语文等多个文件等多个文件/2024/CFA二级2024/CFA二级2024/CFA二级  jc,二级,文件夹,2024,
1.CFA二级基础段衍生_Jcy_打印版.pdf,/cfa三级/CFA2级/大语文等多个文件等多个文件/2024/CFA二级2024/CFA二级2024/CFA二级  jc/2.基础班/5.Jcy-Derivatives/1.CFA二级基础段衍生_Jcy_打印版.pdf,二级,文件,2024,1025703
CFA二级基础段衍生_Jcy_标准版.pdf,/cfa三级/CFA2级/大语文等多个文件等多个文件/2024/CFA二级2024/CFA二级2024/CFA二级  jc/2.基础班/5.Jcy-Derivatives/CFA二级基础段衍生_Jcy_标准版.pdf,二级,文件,2024,1441183
CFA二级基础段数量_Vincent_标准版.pdf,/cfa三级/CFA2级/大语文等多个文件等多个文件/2024/CFA二级2024/CFA二级2024/CFA二级  jc/2.基础班/数量_Vincent/CFA二级基础段数量_Vincent_标准版.pdf,二级,文件,2024,6298360
CFA二级基础段经济_Vincent_标准版.pdf,/cfa三级/CFA2级/大语文等多个文件等多个文件/2024/CFA二级2024/CFA二级2024/CFA二级  jc/2.基础班/经济学_Vincent/CFA二级基础段经济_Vincent_标准版.pdf,二级,文件,2024,1286158
CFA三级,/cfa三级/CFA2级/大语文等多个文件等多个文件/CFA三级,三级,文件夹,0,
CFA三级2023,/cfa三级/CFA2级/大语文等多个文件等多个文件/CFA三级/CFA三级2023,三级,文件夹,2023,
2023.8CFA三级GD,/cfa三级/CFA2级/大语文等多个文件等多个文件/CFA三级/CFA三级2023/2023.8CFA三级GD,三级,文件夹,2023,
01-CFA L3 Economic Introduction.mp4,/cfa三级/CFA2级/大语文等多个文件等多个文件/CFA三级/CFA三级2023/2023.8CFA三级GD/02-知识精讲/02-Economic/Chen/01-CFA L3 Economic Introduction.mp4,三级,文件,2023,32220353
21-Summary of CFA L3 Economic.mp4,/cfa三级/CFA2级/大语文等多个文件等多个文件/CFA三级/CFA三级2023/2023.8CFA三级GD/02-知识精讲/02-Economic/Chen/21-Summary of CFA L3 Economic.mp4,三级,文件,2023,72890983
2023.8CFA三级JC,/cfa三级/CFA2级/大语文等多个文件等多个文件/CFA三级/CFA三级2023/2023.8CFA三级JC,三级,文件夹,2023,
01.CFA LEVEL III Basic.mp4,/cfa三级/CFA2级/大语文等多个文件等多个文件/CFA三级/CFA三级2023/2023.8CFA三级JC/1-前导班/【2】框架介绍2/01.CFA LEVEL III Basic.mp4,三级,文件,2023,365688120
CFA三级基础段SS1_行为金融学_Bob_金程教育,/cfa三级/CFA2级/大语文等多个文件等多个文件/CFA三级/CFA三级2023/2023.8CFA三级JC/2-基础班/01-SS1行为金融学/Bob Hong/CFA三级基础段SS1_行为金融学_Bob_金程教育,三级,文件夹,2023,
CFA三级基础段SS1_行为金融学_Bob_金程教育（标准版）.pdf,/cfa三级/CFA2级/大语文等多个文件等多个文件/CFA三级/CFA三级2023/2023.8CFA三级JC/2-基础班/01-SS1行为金融学/Bob Hong/CFA三级基础段SS1_行为金融学_Bob_金程教育/CFA三级基础段SS1_行为金融学_Bob_金程教育（标准版）.pdf,三级,文件,2023,718525
CFA三级基础段资产配置_Jcy_打印版.pdf,/cfa三级/CFA2级/大语文等多个文件等多个文件/CFA三级/CFA三级2023/2023.8CFA三级JC/2-基础班/02-SS3资产配置/Jcy/CFA三级基础段资产配置_Jcy_打印版.pdf,三级,文件,2023,2289140
CFA三级基础段SS3_资产配置_Vincent_金程教育,/cfa三级/CFA2级/大语文等多个文件等多个文件/CFA三级/CFA三级2023/2023.8CFA三级JC/2-基础班/02-SS3资产配置/Vincent Lin/CFA三级基础段SS3_资产配置_Vincent_金程教育,三级,文件夹,2023,
CFA三级基础段固定收益_Tom_金程_标准版.pdf,/cfa三级/CFA2级/大语文等多个文件等多个文件/CFA三级/CFA三级2023/2023.8CFA三级JC/2-基础班/05-SS5-6固定收益组合管理/Tom Han/CFA三级基础段固定收益_Tom_金程_标准版.pdf,三级,文件,2023,2454489
CFA三级基础段权益_Irene_金程教育_打印版.pdf,/cfa三级/CFA2级/大语文等多个文件等多个文件/CFA三级/CFA三级2023/2023.8CFA三级JC/2-基础班/06-SS7-8权益组合管理/Irene Wang/CFA三级基础段权益_Irene_金程教育_打印版.pdf,三级,文件,2023,685866
CFA三级基础段另类_Irene_金程（打印版）_removed.pdf,/cfa三级/CFA2级/大语文等多个文件等多个文件/CFA三级/CFA三级2023/2023.8CFA三级JC/2-基础班/07-SS9 Alternative Investments for Portfolio Management/Irene Wang/CFA三级基础段另类_Irene_金程（打印版）_removed.pdf,三级,文件,2023,452314
CFA三级基础段另类_Icy_金程_打印版.pdf,/cfa三级/CFA2级/大语文等多个文件等多个文件/CFA三级/CFA三级2023/2023.8CFA三级JC/2-基础班/07-SS9 Alternative Investments for Portfolio Management/Jcy/CFA三级基础段另类_Icy_金程_打印版.pdf,三级,文件,2023,485571
CFA三级私人财富管理+Irene+打印版.pdf,/cfa三级/CFA2级/大语文等多个文件等多个文件/CFA三级/CFA三级2023/2023.8CFA三级JC/2-基础班/08-SS10-11 Private Wealth Management/Irene Wang/CFA三级私人财富管理+Irene+打印版.pdf,三级,文件,2023,692881
CFA三级基础段道德_Bob_金程教育_标准版.pdf,/cfa三级/CFA2级/大语文等多个文件等多个文件/CFA三级/CFA三级2023/2023.8CFA三级JC/2-基础班/12-SS15-16 Ethical and Professional Standards/Bob/CFA三级基础段道德_Bob_金程教育_标准版.pdf,三级,文件,2023,4413032
CFA三级经典题_CME_金程教育（打印版）.pdf,/cfa三级/CFA2级/大语文等多个文件等多个文件/CFA三级/CFA三级2023/2023.8CFA三级JC/4.经典题 (旧题参考)/讲义/CFA三级经典题_CME_金程教育（打印版）.pdf,三级,文件,2023,478275
CFA三级经典题_CME_金程教育（标准版） .pdf,/cfa三级/CFA2级/大语文等多个文件等多个文件/CFA三级/CFA三级2023/2023.8CFA三级JC/4.经典题 (旧题参考)/讲义/CFA三级经典题_CME_金程教育（标准版） .pdf,三级,文件,2023,579966
CFA三级经典题_SS13_打印版.pdf,/cfa三级/CFA2级/大语文等多个文件等多个文件/CFA三级/CFA三级2023/2023.8CFA三级JC/4.经典题 (旧题参考)/讲义/CFA三级经典题_SS13_打印版.pdf,三级,文件,2023,141721
CFA三级经典题_SS13_标准版.pdf,/cfa三级/CFA2级/大语文等多个文件等多个文件/CFA三级/CFA三级2023/2023.8CFA三级JC/4.经典题 (旧题参考)/讲义/CFA三级经典题_SS13_标准版.pdf,三级,文件,2023,539118
CFA三级经典题_另类_金程教育（标准版）.pdf,/cfa三级/CFA2级/大语文等多个文件等多个文件/CFA三级/CFA三级2023/2023.8CFA三级JC/4.经典题 (旧题参考)/讲义/CFA三级经典题_另类_金程教育（标准版）.pdf,三级,文件,2023,858374
CFA三级经典题_固收_金程教育(打印版).pdf,/cfa三级/CFA2级/大语文等多个文件等多个文件/CFA三级/CFA三级2023/2023.8CFA三级JC/4.经典题 (旧题参考)/讲义/CFA三级经典题_固收_金程教育(打印版).pdf,三级,文件,2023,953635
CFA三级经典题_权益_金程教育(打印版).pdf,/cfa三级/CFA2级/大语文等多个文件等多个文件/CFA三级/CFA三级2023/2023.8CFA三级JC/4.经典题 (旧题参考)/讲义/CFA三级经典题_权益_金程教育(打印版).pdf,三级,文件,2023,891081
CFA三级经典题_行为金融学_金程教育(打印版).pdf,/cfa三级/CFA2级/大语文等多个文件等多个文件/CFA三级/CFA三级2023/2023.8CFA三级JC/4.经典题 (旧题参考)/讲义/CFA三级经典题_行为金融学_金程教育(打印版).pdf,三级,文件,2023,442183
CFA三级经典题_衍生_金程教育（打印版）.pdf,/cfa三级/CFA2级/大语文等多个文件等多个文件/CFA三级/CFA三级2023/2023.8CFA三级JC/4.经典题 (旧题参考)/讲义/CFA三级经典题_衍生_金程教育（打印版）.pdf,三级,文件,2023,814371
CFA三级经典题_资产配置_金程教育（打印）.pdf,/cfa三级/CFA2级/大语文等多个文件等多个文件/CFA三级/CFA三级2023/2023.8CFA三级JC/4.经典题 (旧题参考)/讲义/CFA三级经典题_资产配置_金程教育（打印）.pdf,三级,文件,2023,795147
CFA三级经典题_道德_金程教育(打印版).pdf,/cfa三级/CFA2级/大语文等多个文件等多个文件/CFA三级/CFA三级2023/2023.8CFA三级JC/4.经典题 (旧题参考)/讲义/CFA三级经典题_道德_金程教育(打印版).pdf,三级,文件,2023,840713
CFA三级百题_题目.pdf,/cfa三级/CFA2级/大语文等多个文件等多个文件/CFA三级/CFA三级2023/2023.8CFA三级JC/5.百题/百题题目/三级百题/CFA三级百题_题目.pdf,三级,文件,2023,4331354
CFA三级百题_学员版_答案_金程教育.pdf,/cfa三级/CFA2级/大语文等多个文件等多个文件/CFA三级/CFA三级2023/2023.8CFA三级JC/5.百题2022/百题一/CFA三级百题_学员版_答案_金程教育.pdf,三级,文件,2023,3247044
CFA三级百题_学员版_题目_金程教育.pdf,/cfa三级/CFA2级/大语文等多个文件等多个文件/CFA三级/CFA三级2023/2023.8CFA三级JC/5.百题2022/百题一/CFA三级百题_学员版_题目_金程教育.pdf,三级,文件,2023,4946743
CFA三级密卷_答案.pdf,/cfa三级/CFA2级/大语文等多个文件等多个文件/CFA三级/CFA三级2023/2023.8CFA三级JC/7.密卷/CFA三级密卷_答案.pdf,三级,文件,2023,730563
2022CFAL3原版书课后题-.pdf,/cfa三级/CFA2级/大语文等多个文件等多个文件/CFA三级/CFA三级2023/资料包/2022课后习题/2022CFAL3原版书课后题-.pdf,三级,文件,2023,3213643
2023CFA三级notes,/cfa三级/CFA2级/大语文等多个文件等多个文件/CFA三级/CFA三级2023/资料包/2023CFA三级notes,三级,文件夹,2023,
CFA 2023 Level III - SchweserNotes Book 2.pdf,/cfa三级/CFA2级/大语文等多个文件等多个文件/CFA三级/CFA三级2023/资料包/2023CFA三级notes/CFA 2023 Level III - SchweserNotes Book 2.pdf,三级,文件,2023,5789800
CFA 2023 Level III - SchweserNotes Book 5.pdf,/cfa三级/CFA2级/大语文等多个文件等多个文件/CFA三级/CFA三级2023/资料包/2023CFA三级notes/CFA 2023 Level III - SchweserNotes Book 5.pdf,三级,文件,2023,4396726
2022 CFA L3 原版书课后题.pdf,/cfa三级/CFA2级/大语文等多个文件等多个文件/CFA三级/CFA三级2023/资料包/22年资料/2022 CFA L3 原版书课后题.pdf,三级,文件,2023,3036442
2022CFA三级notes,/cfa三级/CFA2级/大语文等多个文件等多个文件/CFA三级/CFA三级2023/资料包/22年资料/2022CFA三级notes,三级,文件夹,2023,
2022年CFA三级notes book 3.pdf,/cfa三级/CFA2级/大语文等多个文件等多个文件/CFA三级/CFA三级2023/资料包/22年资料/2022CFA三级notes/2022年CFA三级notes book 3.pdf,三级,文件,2023,5435712
2022年CFA三级notes book 4.pdf,/cfa三级/CFA2级/大语文等多个文件等多个文件/CFA三级/CFA三级2023/资料包/22年资料/2022CFA三级notes/2022年CFA三级notes book 4.pdf,三级,文件,2023,4075867
CFA 2022 Level III - Schweser Quicksheet.pdf,/cfa三级/CFA2级/大语文等多个文件等多个文件/CFA三级/CFA三级2023/资料包/22年资料/2022CFA三级notes/CFA 2022 Level III - Schweser Quicksheet.pdf,三级,文件,2023,626857
品职CFA三级资料,/cfa三级/CFA2级/大语文等多个文件等多个文件/CFA三级/CFA三级2023/资料包/22年资料/品职CFA三级资料,三级,文件夹,2023,
2022品职道德三级别通用版讲义 更新.pdf,/cfa三级/CFA2级/大语文等多个文件等多个文件/CFA三级/CFA三级2023/资料包/22年资料/品职CFA三级资料/2022品职道德三级别通用版讲义 更新.pdf,三级,文件,2023,52111537
2022.05 品职教育 CFA III Derivatives and Currency Management 知识框架图.pdf,/cfa三级/CFA2级/大语文等多个文件等多个文件/CFA三级/CFA三级2023/资料包/22年资料/品职CFA三级资料/CFA三级框架图/2022.05 品职教育 CFA III Derivatives and Currency Management 知识框架图.pdf,三级,文件,2023,2808170
品职教育 CFA III fixed income知识框架图 何旋.pdf,/cfa三级/CFA2级/大语文等多个文件等多个文件/CFA三级/CFA三级2023/资料包/22年资料/品职CFA三级资料/CFA三级框架图/品职教育 CFA III fixed income知识框架图 何旋.pdf,三级,文件,2023,6717846
品职教育 CFA III institutional IPS 知识框架图 何旋.pdf,/cfa三级/CFA2级/大语文等多个文件等多个文件/CFA三级/CFA三级2023/资料包/22年资料/品职CFA三级资料/CFA三级框架图/品职教育 CFA III institutional IPS 知识框架图 何旋.pdf,三级,文件,2023,4339867
品职教育2022年5月CFA三级知识框架图_Asset Allocation_何旋（水印版）.pdf,/cfa三级/CFA2级/大语文等多个文件等多个文件/CFA三级/CFA三级2023/资料包/22年资料/品职CFA三级资料/CFA三级框架图/品职教育2022年5月CFA三级知识框架图_Asset Allocation_何旋（水印版）.pdf,三级,文件,2023,3480296
品职教育2022年5月CFA三级知识框架图_GIPS.pdf,/cfa三级/CFA2级/大语文等多个文件等多个文件/CFA三级/CFA三级2023/资料包/22年资料/品职CFA三级资料/CFA三级框架图/品职教育2022年5月CFA三级知识框架图_GIPS.pdf,三级,文件,2023,1381779
品职教育2022年CFA三级知识框架图_Alternative_李斯克_05月.pdf,/cfa三级/CFA2级/大语文等多个文件等多个文件/CFA三级/CFA三级2023/资料包/22年资料/品职CFA三级资料/CFA三级框架图/品职教育2022年CFA三级知识框架图_Alternative_李斯克_05月.pdf,三级,文件,2023,3957920
品职教育_2022.05_CFA_三级_知识框架图_Behavioral Finance_李斯克（水印版）.pdf,/cfa三级/CFA2级/大语文等多个文件等多个文件/CFA三级/CFA三级2023/资料包/22年资料/品职CFA三级资料/CFA三级框架图/品职教育_2022.05_CFA_三级_知识框架图_Behavioral Finance_李斯克（水印版）.pdf,三级,文件,2023,674742
CFA错题本（三级）,/cfa三级/CFA2级/大语文等多个文件等多个文件/CFA三级/CFA三级2023/资料包/22年资料/品职CFA三级资料/CFA错题本（三级）,三级,文件夹,2023,
2022年CFA三级错题本合集_纯图版.pdf,/cfa三级/CFA2级/大语文等多个文件等多个文件/CFA三级/CFA三级2023/资料包/22年资料/品职CFA三级资料/CFA错题本（三级）/2022年CFA三级错题本合集_纯图版.pdf,三级,文件,2023,16660687
CFA三级中文精讲,/cfa三级/CFA2级/大语文等多个文件等多个文件/CFA三级/CFA三级2023/资料包/CFA三级中文精讲,三级,文件夹,2023,
CFA三级中文精讲  3_14588450.pdf,/cfa三级/CFA2级/大语文等多个文件等多个文件/CFA三级/CFA三级2023/资料包/CFA三级中文精讲/CFA三级中文精讲  3_14588450.pdf,三级,文件,2023,48093511
CFA三级中文精讲 1  _14588448.pdf,/cfa三级/CFA2级/大语文等多个文件等多个文件/CFA三级/CFA三级2023/资料包/CFA三级中文精讲/CFA三级中文精讲 1  _14588448.pdf,三级,文件,2023,55972095
CFA三级中文精讲 2  _14588449.pdf,/cfa三级/CFA2级/大语文等多个文件等多个文件/CFA三级/CFA三级2023/资料包/CFA三级中文精讲/CFA三级中文精讲 2  _14588449.pdf,三级,文件,2023,61851954
CFA三级主观写作讲解（赠送）,/cfa三级/CFA2级/大语文等多个文件等多个文件/CFA三级/CFA三级2023/资料包/CFA三级主观写作讲解（赠送）,三级,文件夹,2023,
10.CFA三级课后写作题_SS14.pdf,/cfa三级/CFA2级/大语文等多个文件等多个文件/CFA三级/CFA三级2023/资料包/CFA三级主观写作讲解（赠送）/0.讲义/10.CFA三级课后写作题_SS14.pdf,三级,文件,2023,418263
11.CFA三级课后写作题_道德.pdf,/cfa三级/CFA2级/大语文等多个文件等多个文件/CFA三级/CFA三级2023/资料包/CFA三级主观写作讲解（赠送）/0.讲义/11.CFA三级课后写作题_道德.pdf,三级,文件,2023,361184
5.CFA三级课后写作题_衍生品.pdf,/cfa三级/CFA2级/大语文等多个文件等多个文件/CFA三级/CFA三级2023/资料包/CFA三级主观写作讲解（赠送）/0.讲义/5.CFA三级课后写作题_衍生品.pdf,三级,文件,2023,494023
6.CFA三级课后写作题_固定收益.pdf,/cfa三级/CFA2级/大语文等多个文件等多个文件/CFA三级/CFA三级2023/资料包/CFA三级主观写作讲解（赠送）/0.讲义/6.CFA三级课后写作题_固定收益.pdf,三级,文件,2023,280360
8.CFA三级课后写作题_私人财富管理.pdf,/cfa三级/CFA2级/大语文等多个文件等多个文件/CFA三级/CFA三级2023/资料包/CFA三级主观写作讲解（赠送）/0.讲义/8.CFA三级课后写作题_私人财富管理.pdf,三级,文件,2023,508628
CFA三级十年真题 2008-2017,/cfa三级/CFA2级/大语文等多个文件等多个文件/CFA三级/CFA三级2023/资料包/CFA三级十年真题 2008-2017,三级,文件夹,2023,
CFA三级IPS写作_Irene_金程教育_标准版.pdf,/cfa三级/CFA2级/大语文等多个文件等多个文件/CFA三级/CFA三级2023/资料包/IPS写作/CFA三级IPS写作_Irene_金程教育_标准版.pdf,三级,文件,2023,2434126
32-CFA协会各项目参与者的行为.mp4,/cfa三级/CFA2级/大语文等多个文件等多个文件/CFA三级/CFA三级2023/资料包/王牌陈讲道德123级通用/32-CFA协会各项目参与者的行为.mp4,三级,文件,2023,447219227
Cfa三级 2024,/cfa三级/CFA2级/大语文等多个文件等多个文件/CFA三级/Cfa三级 2024,三级,文件夹,2024,
cfa-program2024L3V4.pdf,/cfa三级/CFA2级/大语文等多个文件等多个文件/CFA三级/Cfa三级 2024/2024年三级教材/cfa-program2024L3V4.pdf,三级,文件,2024,5452122
cfa-program2024L3V4（AL、个人IPS） (1).PDF,/cfa三级/CFA2级/大语文等多个文件等多个文件/CFA三级/Cfa三级 2024/2024年三级教材/cfa-program2024L3V4（AL、个人IPS） (1).PDF,三级,文件,2024,5214200
cfa-program2024L3V5（机构IPS、交易、Case）.PDF,/cfa三级/CFA2级/大语文等多个文件等多个文件/CFA三级/Cfa三级 2024/2024年三级教材/cfa-program2024L3V5（机构IPS、交易、Case）.PDF,三级,文件,2024,4138894
cfa-program2024L3V6（Ethics、GIPS）.PDF,/cfa三级/CFA2级/大语文等多个文件等多个文件/CFA三级/Cfa三级 2024/2024年三级教材/cfa-program2024L3V6（Ethics、GIPS）.PDF,三级,文件,2024,2943113
01.CFA L3 Economic Introduction.mp4,/cfa三级/CFA2级/大语文等多个文件等多个文件/CFA三级/Cfa三级 2024/G的/1.核心知识精讲/1.经济学/chen/01.CFA L3 Economic Introduction.mp4,三级,文件,2024,750291973
21.Summary of CFA L3 Economic.mp4,/cfa三级/CFA2级/大语文等多个文件等多个文件/CFA三级/Cfa三级 2024/G的/1.核心知识精讲/1.经济学/chen/21.Summary of CFA L3 Economic.mp4,三级,文件,2024,1075506235
CFA三级基础班CME-韩霄-（打印版）.pdf,/cfa三级/CFA2级/大语文等多个文件等多个文件/CFA三级/Cfa三级 2024/G的/1.核心知识精讲/讲义/CFA三级基础班CME-韩霄-（打印版）.pdf,三级,文件,2024,833217
CFA三级基础班CME_韩霄（标准版）.pdf,/cfa三级/CFA2级/大语文等多个文件等多个文件/CFA三级/Cfa三级 2024/G的/1.核心知识精讲/讲义/CFA三级基础班CME_韩霄（标准版）.pdf,三级,文件,2024,993998
CFA三级基础班另类-王慧琳-（打印版）.pdf,/cfa三级/CFA2级/大语文等多个文件等多个文件/CFA三级/Cfa三级 2024/G的/1.核心知识精讲/讲义/CFA三级基础班另类-王慧琳-（打印版）.pdf,三级,文件,2024,609676
CFA三级基础班道德-林正-（打印版）.pdf,/cfa三级/CFA2级/大语文等多个文件等多个文件/CFA三级/Cfa三级 2024/G的/1.核心知识精讲/讲义/CFA三级基础班道德-林正-（打印版）.pdf,三级,文件,2024,1392933
CFA三级基础衍生_周琪（标准版）.pdf,/cfa三级/CFA2级/大语文等多个文件等多个文件/CFA三级/Cfa三级 2024/G的/1.核心知识精讲/讲义/CFA三级基础衍生_周琪（标准版）.pdf,三级,文件,2024,2266323
CFA三级基础班机构IPS-王慧琳-（打印版）.pdf,/cfa三级/CFA2级/大语文等多个文件等多个文件/CFA三级/Cfa三级 2024/J的/2.基础精讲/讲义/CFA三级基础班机构IPS-王慧琳-（打印版）.pdf,三级,文件,2024,653684
CFA三级基础班机构IPS-王慧琳-（标准版）.pdf,/cfa三级/CFA2级/大语文等多个文件等多个文件/CFA三级/Cfa三级 2024/J的/2.基础精讲/讲义/CFA三级基础班机构IPS-王慧琳-（标准版）.pdf,三级,文件,2024,835829
2024年CFA三级强化段CME(标准版）.pdf,/cfa三级/CFA2级/大语文等多个文件等多个文件/CFA三级/Cfa三级 2024/J的/5.强化串讲/讲义/2024年CFA三级强化段CME(标准版）.pdf,三级,文件,2024,1736845
2024年CFA三级强化段交易(打印版）.pdf,/cfa三级/CFA2级/大语文等多个文件等多个文件/CFA三级/Cfa三级 2024/J的/5.强化串讲/讲义/2024年CFA三级强化段交易(打印版）.pdf,三级,文件,2024,788212
2024年CFA三级强化段衍生(打印版）.pdf,/cfa三级/CFA2级/大语文等多个文件等多个文件/CFA三级/Cfa三级 2024/J的/5.强化串讲/讲义/2024年CFA三级强化段衍生(打印版）.pdf,三级,文件,2024,689758
2024年CFA三级强化段衍生(标准版）.pdf,/cfa三级/CFA2级/大语文等多个文件等多个文件/CFA三级/Cfa三级 2024/J的/5.强化串讲/讲义/2024年CFA三级强化段衍生(标准版）.pdf,三级,文件,2024,2100066
2024年CFA三级强化段道德(打印版）.pdf,/cfa三级/CFA2级/大语文等多个文件等多个文件/CFA三级/Cfa三级 2024/J的/5.强化串讲/讲义/2024年CFA三级强化段道德(打印版）.pdf,三级,文件,2024,934187
品职教育 CFA III 经典题 Equity Portfolio Management 有答案.pdf,/cfa三级/CFA2级/大语文等多个文件等多个文件/CFA三级/Cfa三级 2024/P的/4.经典题通关课/讲义/品职教育 CFA III 经典题 Equity Portfolio Management 有答案.pdf,三级,文件,2024,41494956
"品职教育 CFA III 经典题 Trading, Performance Evaluation, and Manager Selection 有答案.pdf","/cfa三级/CFA2级/大语文等多个文件等多个文件/CFA三级/Cfa三级 2024/P的/4.经典题通关课/讲义/品职教育 CFA III 经典题 Trading, Performance Evaluation, and Manager Selection 有答案.pdf",三级,文件,2024,19932823
4.CFA II Derivatives,/cfa三级/CFA2级/大语文等多个文件等多个文件/CFA三级/Cfa三级 2024/P的/早读课/4.CFA II Derivatives,三级,文件夹,2024,
1.品职教育 CFA I Derivatives.pdf,/cfa三级/CFA2级/大语文等多个文件等多个文件/CFA三级/Cfa三级 2024/P的/早读课/讲义/1.品职教育 CFA I Derivatives.pdf,三级,文件,2024,32619713
1.品职教育 CFA II Derivatives.pdf,/cfa三级/CFA2级/大语文等多个文件等多个文件/CFA三级/Cfa三级 2024/P的/早读课/讲义/1.品职教育 CFA II Derivatives.pdf,三级,文件,2024,46963108
1.品职教育 CFA III Trading， Performance Evaluation and Manager Selection.pdf,/cfa三级/CFA2级/大语文等多个文件等多个文件/CFA三级/Cfa三级 2024/P的/精品基础课/09.Trading_ Performance Evaluation and Manager Selection/1.品职教育 CFA III Trading， Performance Evaluation and Manager Selection.pdf,三级,文件,2024,60563445
2.品职教育 CFA III Fixed Income (Part 2).pdf,/cfa三级/CFA2级/大语文等多个文件等多个文件/CFA三级/Cfa三级 2024/P的/精品基础课/讲义/2.品职教育 CFA III Fixed Income (Part 2).pdf,三级,文件,2024,62912475
2024 CFA Level III - SchweserNotes,/cfa三级/CFA2级/大语文等多个文件等多个文件/CFA三级/Cfa三级 2024/三级24资料包/2024 CFA Level III - SchweserNotes,三级,文件夹,2024,
CFA 2024 Level III - SchweserNotes Book 2.pdf,/cfa三级/CFA2级/大语文等多个文件等多个文件/CFA三级/Cfa三级 2024/三级24资料包/2024 CFA Level III - SchweserNotes/CFA 2024 Level III - SchweserNotes Book 2.pdf,三级,文件,2024,3779386
CFA 2024 Level III Schweser's Quicksheet .pdf,/cfa三级/CFA2级/大语文等多个文件等多个文件/CFA三级/Cfa三级 2024/三级24资料包/2024 CFA Level III - SchweserNotes/CFA 2024 Level III Schweser's Quicksheet .pdf,三级,文件,2024,1117760
Cfa三级大佬笔记,/cfa三级/CFA2级/大语文等多个文件等多个文件/CFA三级/Cfa三级 2024/三级24资料包/Cfa三级大佬笔记,三级,文件夹,2024,
CFA三级基础段行为金融_Jcy_标准版.pdf,/cfa三级/CFA2级/大语文等多个文件等多个文件/CFA三级/Cfa三级 2024/三级24资料包/Cfa三级大佬笔记/CFA三级基础段行为金融_Jcy_标准版.pdf,三级,文件,2024,14924101
1.品职教育 CFA III 例题课 Capital Market Expectations.pdf,/cfa三级/CFA2级/大语文等多个文件等多个文件/CFA三级/Cfa三级 2024/三级24资料包/Cfa三级大佬笔记/原版书/A习题汇总/例题/1.品职教育 CFA III 例题课 Capital Market Expectations.pdf,三级,文件,2024,16885866
10.品职教育 CFA III 例题课 Trading & Performance.pdf,/cfa三级/CFA2级/大语文等多个文件等多个文件/CFA三级/Cfa三级 2024/三级24资料包/Cfa三级大佬笔记/原版书/A习题汇总/例题/10.品职教育 CFA III 例题课 Trading & Performance.pdf,三级,文件,2024,24043094
2.品职教育 CFA III 例题课 Behavioral Finance.pdf,/cfa三级/CFA2级/大语文等多个文件等多个文件/CFA三级/Cfa三级 2024/三级24资料包/Cfa三级大佬笔记/原版书/A习题汇总/例题/2.品职教育 CFA III 例题课 Behavioral Finance.pdf,三级,文件,2024,1715944
3.品职教育 CFA III 例题课 Private Wealth Management .pdf,/cfa三级/CFA2级/大语文等多个文件等多个文件/CFA三级/Cfa三级 2024/三级24资料包/Cfa三级大佬笔记/原版书/A习题汇总/例题/3.品职教育 CFA III 例题课 Private Wealth Management .pdf,三级,文件,2024,34000289
4.品职教育 CFA III 例题课 Asset Allocation.pdf,/cfa三级/CFA2级/大语文等多个文件等多个文件/CFA三级/Cfa三级 2024/三级24资料包/Cfa三级大佬笔记/原版书/A习题汇总/例题/4.品职教育 CFA III 例题课 Asset Allocation.pdf,三级,文件,2024,30633399
5.品职教育 CFA III 例题课 Equity Portfolio Management.pdf,/cfa三级/CFA2级/大语文等多个文件等多个文件/CFA三级/Cfa三级 2024/三级24资料包/Cfa三级大佬笔记/原版书/A习题汇总/例题/5.品职教育 CFA III 例题课 Equity Portfolio Management.pdf,三级,文件,2024,18448206
6.品职教育 CFA III 例题课 Derivatives and Currency Management.pdf,/cfa三级/CFA2级/大语文等多个文件等多个文件/CFA三级/Cfa三级 2024/三级24资料包/Cfa三级大佬笔记/原版书/A习题汇总/例题/6.品职教育 CFA III 例题课 Derivatives and Currency Management.pdf,三级,文件,2024,47576488
7.品职教育 CFA III 例题课 Alternative Management.pdf,/cfa三级/CFA2级/大语文等多个文件等多个文件/CFA三级/Cfa三级 2024/三级24资料包/Cfa三级大佬笔记/原版书/A习题汇总/例题/7.品职教育 CFA III 例题课 Alternative Management.pdf,三级,文件,2024,24034974
8.品职教育 CFA III 例题课 Portfolio Management for Institutional Investors.pdf,/cfa三级/CFA2级/大语文等多个文件等多个文件/CFA三级/Cfa三级 2024/三级24资料包/Cfa三级大佬笔记/原版书/A习题汇总/例题/8.品职教育 CFA III 例题课 Portfolio Management for Institutional Investors.pdf,三级,文件,2024,16914583
9.品职教育 CFA III 例题课 Fixed-Income Portfolio Management.pdf,/cfa三级/CFA2级/大语文等多个文件等多个文件/CFA三级/Cfa三级 2024/三级24资料包/Cfa三级大佬笔记/原版书/A习题汇总/例题/9.品职教育 CFA III 例题课 Fixed-Income Portfolio Management.pdf,三级,文件,2024,44176239
3.品职教育 CFA III 经典题 Individual IPS 有答案.pdf,/cfa三级/CFA2级/大语文等多个文件等多个文件/CFA三级/Cfa三级 2024/三级24资料包/Cfa三级大佬笔记/原版书/A习题汇总/经典/3.品职教育 CFA III 经典题 Individual IPS 有答案.pdf,三级,文件,2024,33422775
5.品职教育 CFA III 经典题 Capital Market Expectations 有答案.pdf,/cfa三级/CFA2级/大语文等多个文件等多个文件/CFA三级/Cfa三级 2024/三级24资料包/Cfa三级大佬笔记/原版书/A习题汇总/经典/5.品职教育 CFA III 经典题 Capital Market Expectations 有答案.pdf,三级,文件,2024,23865167
7.品职教育 CFA III 经典题 Capital Market Expectations (补充)有答案.pdf,/cfa三级/CFA2级/大语文等多个文件等多个文件/CFA三级/Cfa三级 2024/三级24资料包/Cfa三级大佬笔记/原版书/A习题汇总/经典/7.品职教育 CFA III 经典题 Capital Market Expectations (补充)有答案.pdf,三级,文件,2024,18545305
CFA闪卡（三级）.rar,/cfa三级/CFA2级/大语文等多个文件等多个文件/CFA三级/Cfa三级 2024/三级24资料包/Cfa三级大佬笔记/原版书/CFA闪卡（三级）.rar,三级,文件,2024,27940828
CFA三级SS14机构IPS案例 Irene 标准版.pdf,/cfa三级/CFA2级/大语文等多个文件等多个文件/CFA三级/Cfa三级 2024/三级24资料包/Cfa三级大佬笔记/第一轮 JC基础班笔记/CFA三级SS14机构IPS案例 Irene 标准版.pdf,三级,文件,2024,12756270
CFA三级基础段固定收益_Tom_金程_标准版.pdf,/cfa三级/CFA2级/大语文等多个文件等多个文件/CFA三级/Cfa三级 2024/三级24资料包/Cfa三级大佬笔记/第一轮 JC基础班笔记/CFA三级基础段固定收益_Tom_金程_标准版.pdf,三级,文件,2024,28461807
CFA三级基础段资本市场预期_Irene_标准版.pdf,/cfa三级/CFA2级/大语文等多个文件等多个文件/CFA三级/Cfa三级 2024/三级24资料包/Cfa三级大佬笔记/第一轮 JC基础班笔记/CFA三级基础段资本市场预期_Irene_标准版.pdf,三级,文件,2024,46879656
CFA三级私人财富管理 Irene 标准版.pdf,/cfa三级/CFA2级/大语文等多个文件等多个文件/CFA三级/Cfa三级 2024/三级24资料包/Cfa三级大佬笔记/第一轮 JC基础班笔记/CFA三级私人财富管理 Irene 标准版.pdf,三级,文件,2024,94260796
品职教育2023.08 CFA三级考前押题合集(有答案版).pdf,/cfa三级/CFA2级/大语文等多个文件等多个文件/CFA三级/Cfa三级 2024/三级24资料包/Cfa三级大佬笔记/第一轮 JC基础班笔记/品职教育2023.08 CFA三级考前押题合集(有答案版).pdf,三级,文件,2024,37406416
CFA三级密卷_答案.pdf,/cfa三级/CFA2级/大语文等多个文件等多个文件/CFA三级/Cfa三级 2024/三级24资料包/Cfa三级大佬笔记/第七轮 JC 模考题/CFA三级密卷_答案.pdf,三级,文件,2024,819135
2023年CFA三级模考2_答案.pdf,/cfa三级/CFA2级/大语文等多个文件等多个文件/CFA三级/Cfa三级 2024/三级24资料包/Cfa三级大佬笔记/第七轮 JC 模考题/三级模考/2023年CFA三级模考2_答案.pdf,三级,文件,2024,670665
CFA三级百题_答案.pdf,/cfa三级/CFA2级/大语文等多个文件等多个文件/CFA三级/Cfa三级 2024/三级24资料包/Cfa三级大佬笔记/第三轮 JC 百题（包含历年mock部分题目）/CFA三级百题_答案.pdf,三级,文件,2024,2772248
品职教育 CFA 三级 知识框架图 Alternative.pdf,/cfa三级/CFA2级/大语文等多个文件等多个文件/CFA三级/Cfa三级 2024/三级24资料包/Cfa三级大佬笔记/第二轮 上轮最终奶茶课复习（第一遍课后题后）/最终奶茶课/品职教育 CFA 三级 知识框架图 Alternative.pdf,三级,文件,2024,11765761
品职教育 CFA 三级 知识框架图 Asset Allocation.pdf,/cfa三级/CFA2级/大语文等多个文件等多个文件/CFA三级/Cfa三级 2024/三级24资料包/Cfa三级大佬笔记/第二轮 上轮最终奶茶课复习（第一遍课后题后）/最终奶茶课/品职教育 CFA 三级 知识框架图 Asset Allocation.pdf,三级,文件,2024,10537585
品职教育 CFA 三级 知识框架图 Behavioral Finance.pdf,/cfa三级/CFA2级/大语文等多个文件等多个文件/CFA三级/Cfa三级 2024/三级24资料包/Cfa三级大佬笔记/第二轮 上轮最终奶茶课复习（第一遍课后题后）/最终奶茶课/品职教育 CFA 三级 知识框架图 Behavioral Finance.pdf,三级,文件,2024,8799535
品职教育 CFA 三级 知识框架图 Ethics 要点及案例总结.pdf,/cfa三级/CFA2级/大语文等多个文件等多个文件/CFA三级/Cfa三级 2024/三级24资料包/Cfa三级大佬笔记/第二轮 上轮最终奶茶课复习（第一遍课后题后）/最终奶茶课/品职教育 CFA 三级 知识框架图 Ethics 要点及案例总结.pdf,三级,文件,2024,8959365
品职教育 CFA 三级 知识框架图 GIPS.pdf,/cfa三级/CFA2级/大语文等多个文件等多个文件/CFA三级/Cfa三级 2024/三级24资料包/Cfa三级大佬笔记/第二轮 上轮最终奶茶课复习（第一遍课后题后）/最终奶茶课/品职教育 CFA 三级 知识框架图 GIPS.pdf,三级,文件,2024,6432634
品职教育 CFA 三级 知识框架图 Institutional IPS.pdf,/cfa三级/CFA2级/大语文等多个文件等多个文件/CFA三级/Cfa三级 2024/三级24资料包/Cfa三级大佬笔记/第二轮 上轮最终奶茶课复习（第一遍课后题后）/最终奶茶课/品职教育 CFA 三级 知识框架图 Institutional IPS.pdf,三级,文件,2024,13116491
品职教育 CFA 三级 知识框架图 Trading & Performance.pdf,/cfa三级/CFA2级/大语文等多个文件等多个文件/CFA三级/Cfa三级 2024/三级24资料包/Cfa三级大佬笔记/第二轮 上轮最终奶茶课复习（第一遍课后题后）/最终奶茶课/品职教育 CFA 三级 知识框架图 Trading & Performance.pdf,三级,文件,2024,10655701
2022 CFA L3 原版书课后题比对.pdf,/cfa三级/CFA2级/大语文等多个文件等多个文件/CFA三级/Cfa三级 2024/三级24资料包/Cfa三级大佬笔记/第二轮 课后题整理（重要，反复做了三次，完整版解析包含自己整理的答案解读）/2022 CFA L3 原版书课后题比对.pdf,三级,文件,2024,47575175
第五轮 强化班&品职整理笔记（根据强化班课程自行整理，已分大纲，看品职强化文件夹即可）,/cfa三级/CFA2级/大语文等多个文件等多个文件/CFA三级/Cfa三级 2024/三级24资料包/Cfa三级大佬笔记/第五轮 强化班&品职整理笔记（根据强化班课程自行整理，已分大纲，看品职强化文件夹即可）,三级,文件夹,2024,
品职,/cfa三级/CFA2级/大语文等多个文件等多个文件/CFA三级/Cfa三级 2024/三级24资料包/Cfa三级大佬笔记/第五轮 强化班&品职整理笔记（根据强化班课程自行整理，已分大纲，看品职强化文件夹即可）/品职,三级,文件夹,2024,
品职强化,/cfa三级/CFA2级/大语文等多个文件等多个文件/CFA三级/Cfa三级 2024/三级24资料包/Cfa三级大佬笔记/第五轮 强化班&品职整理笔记（根据强化班课程自行整理，已分大纲，看品职强化文件夹即可）/品职强化,三级,文件夹,2024,
12.品职教育 CFA III 强化串讲 Ethics.pdf,/cfa三级/CFA2级/大语文等多个文件等多个文件/CFA三级/Cfa三级 2024/三级24资料包/Cfa三级大佬笔记/第五轮 强化班&品职整理笔记（根据强化班课程自行整理，已分大纲，看品职强化文件夹即可）/品职强化/12.品职教育 CFA III 强化串讲 Ethics.pdf,三级,文件,2024,8973390
4.品职教育 CFA III 强化串讲 Asset Allocation(OCR).pdf,/cfa三级/CFA2级/大语文等多个文件等多个文件/CFA三级/Cfa三级 2024/三级24资料包/Cfa三级大佬笔记/第五轮 强化班&品职整理笔记（根据强化班课程自行整理，已分大纲，看品职强化文件夹即可）/品职强化/4.品职教育 CFA III 强化串讲 Asset Allocation(OCR).pdf,三级,文件,2024,10574106
品职道德讲义.pdf,/cfa三级/CFA2级/大语文等多个文件等多个文件/CFA三级/Cfa三级 2024/三级24资料包/Cfa三级大佬笔记/第五轮 强化班&品职整理笔记（根据强化班课程自行整理，已分大纲，看品职强化文件夹即可）/品职强化/品职道德讲义.pdf,三级,文件,2024,248275394
品职教育2023年CFA三级主观题抢分百宝袋.pdf,/cfa三级/CFA2级/大语文等多个文件等多个文件/CFA三级/Cfa三级 2024/三级24资料包/Cfa三级大佬笔记/第八轮 错题整理（已按照科目及知识点分类，共700页左右，此外含有个人总结难理解及易混知识点，看最终错题本地版）/最终复习/品职教育2023年CFA三级主观题抢分百宝袋.pdf,三级,文件,2024,10817662
品职教育2023年CFA三级公式密钥配套练习.pdf,/cfa三级/CFA2级/大语文等多个文件等多个文件/CFA三级/Cfa三级 2024/三级24资料包/Cfa三级大佬笔记/第八轮 错题整理（已按照科目及知识点分类，共700页左右，此外含有个人总结难理解及易混知识点，看最终错题本地版）/最终复习/品职教育2023年CFA三级公式密钥配套练习.pdf,三级,文件,2024,24395959
2022_CFA_LIII_MockExamA-Answer Key.pdf,/cfa三级/CFA2级/大语文等多个文件等多个文件/CFA三级/Cfa三级 2024/三级24资料包/Cfa三级大佬笔记/第六轮 历年mock（主要做当年的mock及其他年度的职业伦理）/2022_CFA_LIII_MockExamA-Answer Key.pdf,三级,文件,2024,439376
品职教育2023.08 CFA三级考前押题合集(无答案版).pdf,/cfa三级/CFA2级/大语文等多个文件等多个文件/CFA三级/Cfa三级 2024/三级24资料包/Cfa三级大佬笔记/第六轮 押题（反复做，考前最后一天复习材料）/品职教育2023.08 CFA三级考前押题合集(无答案版).pdf,三级,文件,2024,7207406
品职教育2023.08 CFA三级考前押题合集(有答案版).pdf,/cfa三级/CFA2级/大语文等多个文件等多个文件/CFA三级/Cfa三级 2024/三级24资料包/Cfa三级大佬笔记/第六轮 押题（反复做，考前最后一天复习材料）/品职教育2023.08 CFA三级考前押题合集(有答案版).pdf,三级,文件,2024,22007532
CFA三级SS14机构IPS案例 Irene 打印版.pdf,/cfa三级/CFA2级/大语文等多个文件等多个文件/CFA三级/Cfa三级 2024/三级24资料包/Cfa三级大佬笔记/第四轮 pz习题汇总（重点做经典题和例题，已区分有答案版和无答案版，已建立书签检索）/CFA三级SS14机构IPS案例 Irene 打印版.pdf,三级,文件,2024,381468
CFA三级SS14机构IPS案例 Irene 标准版.pdf,/cfa三级/CFA2级/大语文等多个文件等多个文件/CFA三级/Cfa三级 2024/三级24资料包/Cfa三级大佬笔记/第四轮 pz习题汇总（重点做经典题和例题，已区分有答案版和无答案版，已建立书签检索）/CFA三级SS14机构IPS案例 Irene 标准版.pdf,三级,文件,2024,1305996
CFA三级基础段SS13_Icy__标准版.pdf,/cfa三级/CFA2级/大语文等多个文件等多个文件/CFA三级/Cfa三级 2024/三级24资料包/Cfa三级大佬笔记/第四轮 pz习题汇总（重点做经典题和例题，已区分有答案版和无答案版，已建立书签检索）/CFA三级基础段SS13_Icy__标准版.pdf,三级,文件,2024,1281598
CFA三级基础段SS3_资产配置_Vincent_（标准版）.pdf,/cfa三级/CFA2级/大语文等多个文件等多个文件/CFA三级/Cfa三级 2024/三级24资料包/Cfa三级大佬笔记/第四轮 pz习题汇总（重点做经典题和例题，已区分有答案版和无答案版，已建立书签检索）/CFA三级基础段SS3_资产配置_Vincent_（标准版）.pdf,三级,文件,2024,1743872
CFA三级基础段另类_Icy__打印版.pdf,/cfa三级/CFA2级/大语文等多个文件等多个文件/CFA三级/Cfa三级 2024/三级24资料包/Cfa三级大佬笔记/第四轮 pz习题汇总（重点做经典题和例题，已区分有答案版和无答案版，已建立书签检索）/CFA三级基础段另类_Icy__打印版.pdf,三级,文件,2024,489792
CFA三级基础段另类_Icy__标准版.pdf,/cfa三级/CFA2级/大语文等多个文件等多个文件/CFA三级/Cfa三级 2024/三级24资料包/Cfa三级大佬笔记/第四轮 pz习题汇总（重点做经典题和例题，已区分有答案版和无答案版，已建立书签检索）/CFA三级基础段另类_Icy__标准版.pdf,三级,文件,2024,813746
CFA三级基础段另类_Irene_（标准版）.pdf,/cfa三级/CFA2级/大语文等多个文件等多个文件/CFA三级/Cfa三级 2024/三级24资料包/Cfa三级大佬笔记/第四轮 pz习题汇总（重点做经典题和例题，已区分有答案版和无答案版，已建立书签检索）/CFA三级基础段另类_Irene_（标准版）.pdf,三级,文件,2024,922551
CFA三级基础段固定收益组合管理_Bob__打印版.pdf,/cfa三级/CFA2级/大语文等多个文件等多个文件/CFA三级/Cfa三级 2024/三级24资料包/Cfa三级大佬笔记/第四轮 pz习题汇总（重点做经典题和例题，已区分有答案版和无答案版，已建立书签检索）/CFA三级基础段固定收益组合管理_Bob__打印版.pdf,三级,文件,2024,2469458
CFA三级基础段道德_Bob__打印版.pdf,/cfa三级/CFA2级/大语文等多个文件等多个文件/CFA三级/Cfa三级 2024/三级24资料包/Cfa三级大佬笔记/第四轮 pz习题汇总（重点做经典题和例题，已区分有答案版和无答案版，已建立书签检索）/CFA三级基础段道德_Bob__打印版.pdf,三级,文件,2024,1136046
CFA三级私人财富管理 Irene 打印版.pdf,/cfa三级/CFA2级/大语文等多个文件等多个文件/CFA三级/Cfa三级 2024/三级24资料包/Cfa三级大佬笔记/第四轮 pz习题汇总（重点做经典题和例题，已区分有答案版和无答案版，已建立书签检索）/CFA三级私人财富管理 Irene 打印版.pdf,三级,文件,2024,692212
CFA闪卡（三级）,/cfa三级/CFA2级/大语文等多个文件等多个文件/CFA三级/Cfa三级 2024/三级24资料包/Cfa三级大佬笔记/第四轮 pz习题汇总（重点做经典题和例题，已区分有答案版和无答案版，已建立书签检索）/CFA闪卡（三级）,三级,文件夹,2024,
品职教育2022年CFA三级 Flashcard_Behavioral Finance.pdf,/cfa三级/CFA2级/大语文等多个文件等多个文件/CFA三级/Cfa三级 2024/三级24资料包/Cfa三级大佬笔记/第四轮 pz习题汇总（重点做经典题和例题，已区分有答案版和无答案版，已建立书签检索）/CFA闪卡（三级）/品职教育2022年CFA三级 Flashcard_Behavioral Finance.pdf,三级,文件,2024,1980687
品职教育2022年CFA三级 Flashcard_Private Wealth Management.pdf,/cfa三级/CFA2级/大语文等多个文件等多个文件/CFA三级/Cfa三级 2024/三级24资料包/Cfa三级大佬笔记/第四轮 pz习题汇总（重点做经典题和例题，已区分有答案版和无答案版，已建立书签检索）/CFA闪卡（三级）/品职教育2022年CFA三级 Flashcard_Private Wealth Management.pdf,三级,文件,2024,3552137
品职教育2022年CFA三级 Flashcard_Trading&performance.pdf,/cfa三级/CFA2级/大语文等多个文件等多个文件/CFA三级/Cfa三级 2024/三级24资料包/Cfa三级大佬笔记/第四轮 pz习题汇总（重点做经典题和例题，已区分有答案版和无答案版，已建立书签检索）/CFA闪卡（三级）/品职教育2022年CFA三级 Flashcard_Trading&performance.pdf,三级,文件,2024,4407218
品职教育2022年CFA三级Flashcard_Alternatives.pdf,/cfa三级/CFA2级/大语文等多个文件等多个文件/CFA三级/Cfa三级 2024/三级24资料包/Cfa三级大佬笔记/第四轮 pz习题汇总（重点做经典题和例题，已区分有答案版和无答案版，已建立书签检索）/CFA闪卡（三级）/品职教育2022年CFA三级Flashcard_Alternatives.pdf,三级,文件,2024,1462940
品职教育2022年CFA三级Flashcard_CME.pdf,/cfa三级/CFA2级/大语文等多个文件等多个文件/CFA三级/Cfa三级 2024/三级24资料包/Cfa三级大佬笔记/第四轮 pz习题汇总（重点做经典题和例题，已区分有答案版和无答案版，已建立书签检索）/CFA闪卡（三级）/品职教育2022年CFA三级Flashcard_CME.pdf,三级,文件,2024,3566265
品职教育2022年CFA三级Flashcard_Derivatives.pdf,/cfa三级/CFA2级/大语文等多个文件等多个文件/CFA三级/Cfa三级 2024/三级24资料包/Cfa三级大佬笔记/第四轮 pz习题汇总（重点做经典题和例题，已区分有答案版和无答案版，已建立书签检索）/CFA闪卡（三级）/品职教育2022年CFA三级Flashcard_Derivatives.pdf,三级,文件,2024,2516583
品职教育2022年CFA三级Flashcard_Fixed-income.pdf,/cfa三级/CFA2级/大语文等多个文件等多个文件/CFA三级/Cfa三级 2024/三级24资料包/Cfa三级大佬笔记/第四轮 pz习题汇总（重点做经典题和例题，已区分有答案版和无答案版，已建立书签检索）/CFA闪卡（三级）/品职教育2022年CFA三级Flashcard_Fixed-income.pdf,三级,文件,2024,7681495
品职教育2022年CFA三级Flashcard_Portfolio Management for Institutional Investors.pdf,/cfa三级/CFA2级/大语文等多个文件等多个文件/CFA三级/Cfa三级 2024/三级24资料包/Cfa三级大佬笔记/第四轮 pz习题汇总（重点做经典题和例题，已区分有答案版和无答案版，已建立书签检索）/CFA闪卡（三级）/品职教育2022年CFA三级Flashcard_Portfolio Management for Institutional Investors.pdf,三级,文件,2024,4845938
合并 品职教育2022年CFA三级practice exam选题 无答案.pdf,/cfa三级/CFA2级/大语文等多个文件等多个文件/CFA三级/Cfa三级 2024/三级24资料包/Cfa三级大佬笔记/第四轮 pz习题汇总（重点做经典题和例题，已区分有答案版和无答案版，已建立书签检索）/三级PE资料/合并 品职教育2022年CFA三级practice exam选题 无答案.pdf,三级,文件,2024,40492425
品职教育2022年CFA三级practice exam选题 有答案.pdf,/cfa三级/CFA2级/大语文等多个文件等多个文件/CFA三级/Cfa三级 2024/三级24资料包/Cfa三级大佬笔记/第四轮 pz习题汇总（重点做经典题和例题，已区分有答案版和无答案版，已建立书签检索）/三级PE资料/品职教育2022年CFA三级practice exam选题 有答案.pdf,三级,文件,2024,136476420
11.品职教育 CFA III 例题课Global Investment Performance Standards (GIPS) .pdf,/cfa三级/CFA2级/大语文等多个文件等多个文件/CFA三级/Cfa三级 2024/三级24资料包/Cfa三级大佬笔记/第四轮 pz习题汇总（重点做经典题和例题，已区分有答案版和无答案版，已建立书签检索）/例题课讲义/11.品职教育 CFA III 例题课Global Investment Performance Standards (GIPS) .pdf,三级,文件,2024,2090335
2.品职教育 CFA III 例题课 Behavioral Finance.pdf,/cfa三级/CFA2级/大语文等多个文件等多个文件/CFA三级/Cfa三级 2024/三级24资料包/Cfa三级大佬笔记/第四轮 pz习题汇总（重点做经典题和例题，已区分有答案版和无答案版，已建立书签检索）/例题课讲义/2.品职教育 CFA III 例题课 Behavioral Finance.pdf,三级,文件,2024,2394076
6.品职教育 CFA III 例题课 Derivatives and Currency Management.pdf,/cfa三级/CFA2级/大语文等多个文件等多个文件/CFA三级/Cfa三级 2024/三级24资料包/Cfa三级大佬笔记/第四轮 pz习题汇总（重点做经典题和例题，已区分有答案版和无答案版，已建立书签检索）/例题课讲义/6.品职教育 CFA III 例题课 Derivatives and Currency Management.pdf,三级,文件,2024,108895846
7.品职教育 CFA III 例题课 Alternative Management1.pdf,/cfa三级/CFA2级/大语文等多个文件等多个文件/CFA三级/Cfa三级 2024/三级24资料包/Cfa三级大佬笔记/第四轮 pz习题汇总（重点做经典题和例题，已区分有答案版和无答案版，已建立书签检索）/例题课讲义/7.品职教育 CFA III 例题课 Alternative Management1.pdf,三级,文件,2024,41383461
8.品职教育 CFA III 例题课 Portfolio Management for Institutional Investors.pdf,/cfa三级/CFA2级/大语文等多个文件等多个文件/CFA三级/Cfa三级 2024/三级24资料包/Cfa三级大佬笔记/第四轮 pz习题汇总（重点做经典题和例题，已区分有答案版和无答案版，已建立书签检索）/例题课讲义/8.品职教育 CFA III 例题课 Portfolio Management for Institutional Investors.pdf,三级,文件,2024,22943835
9.品职教育 CFA III 例题课 Fixed-Income Portfolio Management.docx,/cfa三级/CFA2级/大语文等多个文件等多个文件/CFA三级/Cfa三级 2024/三级24资料包/Cfa三级大佬笔记/第四轮 pz习题汇总（重点做经典题和例题，已区分有答案版和无答案版，已建立书签检索）/例题课讲义/9.品职教育 CFA III 例题课 Fixed-Income Portfolio Management.docx,三级,文件,2024,576767
9.品职教育 CFA III 例题课 Fixed-Income Portfolio Management.pdf,/cfa三级/CFA2级/大语文等多个文件等多个文件/CFA三级/Cfa三级 2024/三级24资料包/Cfa三级大佬笔记/第四轮 pz习题汇总（重点做经典题和例题，已区分有答案版和无答案版，已建立书签检索）/例题课讲义/9.品职教育 CFA III 例题课 Fixed-Income Portfolio Management.pdf,三级,文件,2024,92546766
1.品职教育 CFA I Ethics & Professional standards.pdf,/cfa三级/CFA2级/大语文等多个文件等多个文件/CFA三级/Cfa三级 2024/三级24资料包/Cfa三级大佬笔记/第四轮 pz习题汇总（重点做经典题和例题，已区分有答案版和无答案版，已建立书签检索）/基础讲义/1.品职教育 CFA I Ethics & Professional standards.pdf,三级,文件,2024,155294607
1.品职教育 CFA III Alternative Management.pdf,/cfa三级/CFA2级/大语文等多个文件等多个文件/CFA三级/Cfa三级 2024/三级24资料包/Cfa三级大佬笔记/第四轮 pz习题汇总（重点做经典题和例题，已区分有答案版和无答案版，已建立书签检索）/基础讲义/1.品职教育 CFA III Alternative Management.pdf,三级,文件,2024,57872908
1.品职教育 CFA III Behavioral Finance.pdf,/cfa三级/CFA2级/大语文等多个文件等多个文件/CFA三级/Cfa三级 2024/三级24资料包/Cfa三级大佬笔记/第四轮 pz习题汇总（重点做经典题和例题，已区分有答案版和无答案版，已建立书签检索）/基础讲义/1.品职教育 CFA III Behavioral Finance.pdf,三级,文件,2024,19824525
1.品职教育 CFA III Equity Management.pdf,/cfa三级/CFA2级/大语文等多个文件等多个文件/CFA三级/Cfa三级 2024/三级24资料包/Cfa三级大佬笔记/第四轮 pz习题汇总（重点做经典题和例题，已区分有答案版和无答案版，已建立书签检索）/基础讲义/1.品职教育 CFA III Equity Management.pdf,三级,文件,2024,63409995
1.品职教育 CFA III Fixed Income.pdf,/cfa三级/CFA2级/大语文等多个文件等多个文件/CFA三级/Cfa三级 2024/三级24资料包/Cfa三级大佬笔记/第四轮 pz习题汇总（重点做经典题和例题，已区分有答案版和无答案版，已建立书签检索）/基础讲义/1.品职教育 CFA III Fixed Income.pdf,三级,文件,2024,51592286
1.品职教育 CFA III Global Investment Performance Standards.pdf,/cfa三级/CFA2级/大语文等多个文件等多个文件/CFA三级/Cfa三级 2024/三级24资料包/Cfa三级大佬笔记/第四轮 pz习题汇总（重点做经典题和例题，已区分有答案版和无答案版，已建立书签检索）/基础讲义/1.品职教育 CFA III Global Investment Performance Standards.pdf,三级,文件,2024,34687995
1.品职教育 CFA III Portfolio Management for Institutional Investors.pdf,/cfa三级/CFA2级/大语文等多个文件等多个文件/CFA三级/Cfa三级 2024/三级24资料包/Cfa三级大佬笔记/第四轮 pz习题汇总（重点做经典题和例题，已区分有答案版和无答案版，已建立书签检索）/基础讲义/1.品职教育 CFA III Portfolio Management for Institutional Investors.pdf,三级,文件,2024,62561328
1.品职教育 CFA III Private Wealth Management.pdf,/cfa三级/CFA2级/大语文等多个文件等多个文件/CFA三级/Cfa三级 2024/三级24资料包/Cfa三级大佬笔记/第四轮 pz习题汇总（重点做经典题和例题，已区分有答案版和无答案版，已建立书签检索）/基础讲义/1.品职教育 CFA III Private Wealth Management.pdf,三级,文件,2024,87760007
1.品职教育 CFA III Trading， Performance Evaluation and Manager Selection.pdf,/cfa三级/CFA2级/大语文等多个文件等多个文件/CFA三级/Cfa三级 2024/三级24资料包/Cfa三级大佬笔记/第四轮 pz习题汇总（重点做经典题和例题，已区分有答案版和无答案版，已建立书签检索）/基础讲义/1.品职教育 CFA III Trading， Performance Evaluation and Manager Selection.pdf,三级,文件,2024,63338790
1.品职教育 CFA III 个人IPS Case Study.pdf,/cfa三级/CFA2级/大语文等多个文件等多个文件/CFA三级/Cfa三级 2024/三级24资料包/Cfa三级大佬笔记/第四轮 pz习题汇总（重点做经典题和例题，已区分有答案版和无答案版，已建立书签检索）/基础讲义/1.品职教育 CFA III 个人IPS Case Study.pdf,三级,文件,2024,41993390
13.品职教育 CFA III Asset Manager Code基础段.pdf,/cfa三级/CFA2级/大语文等多个文件等多个文件/CFA三级/Cfa三级 2024/三级24资料包/Cfa三级大佬笔记/第四轮 pz习题汇总（重点做经典题和例题，已区分有答案版和无答案版，已建立书签检索）/基础讲义/13.品职教育 CFA III Asset Manager Code基础段.pdf,三级,文件,2024,21636827
2.品职教育 CFA III 个人IPS Sample.pdf,/cfa三级/CFA2级/大语文等多个文件等多个文件/CFA三级/Cfa三级 2024/三级24资料包/Cfa三级大佬笔记/第四轮 pz习题汇总（重点做经典题和例题，已区分有答案版和无答案版，已建立书签检索）/基础讲义/2.品职教育 CFA III 个人IPS Sample.pdf,三级,文件,2024,2812512
3.品职教育 CFA III 机构IPS Case Study Reading 28 Quinco Case.pdf,/cfa三级/CFA2级/大语文等多个文件等多个文件/CFA三级/Cfa三级 2024/三级24资料包/Cfa三级大佬笔记/第四轮 pz习题汇总（重点做经典题和例题，已区分有答案版和无答案版，已建立书签检索）/基础讲义/3.品职教育 CFA III 机构IPS Case Study Reading 28 Quinco Case.pdf,三级,文件,2024,27372408
10.品职教育 CFA III 强化串讲 Global Investment Performance Standards.pdf,/cfa三级/CFA2级/大语文等多个文件等多个文件/CFA三级/Cfa三级 2024/三级24资料包/Cfa三级大佬笔记/第四轮 pz习题汇总（重点做经典题和例题，已区分有答案版和无答案版，已建立书签检索）/强化串讲讲义/10.品职教育 CFA III 强化串讲 Global Investment Performance Standards.pdf,三级,文件,2024,6428165
11.品职教育 CFA III 强化串讲 Derivatives and Currency Management.pdf,/cfa三级/CFA2级/大语文等多个文件等多个文件/CFA三级/Cfa三级 2024/三级24资料包/Cfa三级大佬笔记/第四轮 pz习题汇总（重点做经典题和例题，已区分有答案版和无答案版，已建立书签检索）/强化串讲讲义/11.品职教育 CFA III 强化串讲 Derivatives and Currency Management.pdf,三级,文件,2024,8495256
2.品职教育 CFA III 强化串讲 Capital Market Expectations.pdf,/cfa三级/CFA2级/大语文等多个文件等多个文件/CFA三级/Cfa三级 2024/三级24资料包/Cfa三级大佬笔记/第四轮 pz习题汇总（重点做经典题和例题，已区分有答案版和无答案版，已建立书签检索）/强化串讲讲义/2.品职教育 CFA III 强化串讲 Capital Market Expectations.pdf,三级,文件,2024,11981905
3.品职教育 CFA III 强化串讲 Private Wealth Management(OCR).pdf,/cfa三级/CFA2级/大语文等多个文件等多个文件/CFA三级/Cfa三级 2024/三级24资料包/Cfa三级大佬笔记/第四轮 pz习题汇总（重点做经典题和例题，已区分有答案版和无答案版，已建立书签检索）/强化串讲讲义/3.品职教育 CFA III 强化串讲 Private Wealth Management(OCR).pdf,三级,文件,2024,18847699
3.品职教育 CFA III 强化串讲 Private Wealth Management.pdf,/cfa三级/CFA2级/大语文等多个文件等多个文件/CFA三级/Cfa三级 2024/三级24资料包/Cfa三级大佬笔记/第四轮 pz习题汇总（重点做经典题和例题，已区分有答案版和无答案版，已建立书签检索）/强化串讲讲义/3.品职教育 CFA III 强化串讲 Private Wealth Management.pdf,三级,文件,2024,18783295
5.品职教育 CFA III 强化串讲 Equity Portfolio Management.pdf,/cfa三级/CFA2级/大语文等多个文件等多个文件/CFA三级/Cfa三级 2024/三级24资料包/Cfa三级大佬笔记/第四轮 pz习题汇总（重点做经典题和例题，已区分有答案版和无答案版，已建立书签检索）/强化串讲讲义/5.品职教育 CFA III 强化串讲 Equity Portfolio Management.pdf,三级,文件,2024,10256565
7.品职教育 CFA III 强化串讲 Portfolio Management for Institutional Investors.pdf,/cfa三级/CFA2级/大语文等多个文件等多个文件/CFA三级/Cfa三级 2024/三级24资料包/Cfa三级大佬笔记/第四轮 pz习题汇总（重点做经典题和例题，已区分有答案版和无答案版，已建立书签检索）/强化串讲讲义/7.品职教育 CFA III 强化串讲 Portfolio Management for Institutional Investors.pdf,三级,文件,2024,13135028
9.品职教育 CFA III 强化串讲 Trading， Performance Evaluation， and Manager Selection.pdf,/cfa三级/CFA2级/大语文等多个文件等多个文件/CFA三级/Cfa三级 2024/三级24资料包/Cfa三级大佬笔记/第四轮 pz习题汇总（重点做经典题和例题，已区分有答案版和无答案版，已建立书签检索）/强化串讲讲义/9.品职教育 CFA III 强化串讲 Trading， Performance Evaluation， and Manager Selection.pdf,三级,文件,2024,10662726
1.品职教育 CFA III 经典题 Behavioral Finance(无答案版).pdf,/cfa三级/CFA2级/大语文等多个文件等多个文件/CFA三级/Cfa三级 2024/三级24资料包/Cfa三级大佬笔记/第四轮 pz习题汇总（重点做经典题和例题，已区分有答案版和无答案版，已建立书签检索）/经典题通关讲义/无答案版/1.品职教育 CFA III 经典题 Behavioral Finance(无答案版).pdf,三级,文件,2024,14658663
10.品职教育 CFA III 经典题 Equity Portfolio Management 无答案.pdf,/cfa三级/CFA2级/大语文等多个文件等多个文件/CFA三级/Cfa三级 2024/三级24资料包/Cfa三级大佬笔记/第四轮 pz习题汇总（重点做经典题和例题，已区分有答案版和无答案版，已建立书签检索）/经典题通关讲义/无答案版/10.品职教育 CFA III 经典题 Equity Portfolio Management 无答案.pdf,三级,文件,2024,23727149
12.品职教育 CFA III 经典题 Asset Allocation 无答案.pdf,/cfa三级/CFA2级/大语文等多个文件等多个文件/CFA三级/Cfa三级 2024/三级24资料包/Cfa三级大佬笔记/第四轮 pz习题汇总（重点做经典题和例题，已区分有答案版和无答案版，已建立书签检索）/经典题通关讲义/无答案版/12.品职教育 CFA III 经典题 Asset Allocation 无答案.pdf,三级,文件,2024,31429307
15.品职教育 CFA III 经典题 机构IPS（选择题无答案版）.pdf,/cfa三级/CFA2级/大语文等多个文件等多个文件/CFA三级/Cfa三级 2024/三级24资料包/Cfa三级大佬笔记/第四轮 pz习题汇总（重点做经典题和例题，已区分有答案版和无答案版，已建立书签检索）/经典题通关讲义/无答案版/15.品职教育 CFA III 经典题 机构IPS（选择题无答案版）.pdf,三级,文件,2024,4869503
6.品职教育 CFA III 经典题 Capital Market Expectations 无答案.pdf,/cfa三级/CFA2级/大语文等多个文件等多个文件/CFA三级/Cfa三级 2024/三级24资料包/Cfa三级大佬笔记/第四轮 pz习题汇总（重点做经典题和例题，已区分有答案版和无答案版，已建立书签检索）/经典题通关讲义/无答案版/6.品职教育 CFA III 经典题 Capital Market Expectations 无答案.pdf,三级,文件,2024,12865705
品职教育 CFA III 经典题 Ethics（有答案版）.pdf,/cfa三级/CFA2级/大语文等多个文件等多个文件/CFA三级/Cfa三级 2024/三级24资料包/Cfa三级大佬笔记/第四轮 pz习题汇总（重点做经典题和例题，已区分有答案版和无答案版，已建立书签检索）/经典题通关讲义/无答案版/品职教育 CFA III 经典题 Ethics（有答案版）.pdf,三级,文件,2024,17067698
11.品职教育 CFA III 经典题 Asset Allocation 有答案.pdf,/cfa三级/CFA2级/大语文等多个文件等多个文件/CFA三级/Cfa三级 2024/三级24资料包/Cfa三级大佬笔记/第四轮 pz习题汇总（重点做经典题和例题，已区分有答案版和无答案版，已建立书签检索）/经典题通关讲义/有答案版/11.品职教育 CFA III 经典题 Asset Allocation 有答案.pdf,三级,文件,2024,56568008
13.品职教育 CFA III 经典题 Fixed Income 有答案.pdf,/cfa三级/CFA2级/大语文等多个文件等多个文件/CFA三级/Cfa三级 2024/三级24资料包/Cfa三级大佬笔记/第四轮 pz习题汇总（重点做经典题和例题，已区分有答案版和无答案版，已建立书签检索）/经典题通关讲义/有答案版/13.品职教育 CFA III 经典题 Fixed Income 有答案.pdf,三级,文件,2024,60965488
16.品职教育 CFA III 经典题 机构IPS（选择题有答案版）.pdf,/cfa三级/CFA2级/大语文等多个文件等多个文件/CFA三级/Cfa三级 2024/三级24资料包/Cfa三级大佬笔记/第四轮 pz习题汇总（重点做经典题和例题，已区分有答案版和无答案版，已建立书签检索）/经典题通关讲义/有答案版/16.品职教育 CFA III 经典题 机构IPS（选择题有答案版）.pdf,三级,文件,2024,7646154
2.品职教育 CFA III 经典题 Behavioral Finance(有答案版).pdf,/cfa三级/CFA2级/大语文等多个文件等多个文件/CFA三级/Cfa三级 2024/三级24资料包/Cfa三级大佬笔记/第四轮 pz习题汇总（重点做经典题和例题，已区分有答案版和无答案版，已建立书签检索）/经典题通关讲义/有答案版/2.品职教育 CFA III 经典题 Behavioral Finance(有答案版).pdf,三级,文件,2024,39389841
9.品职教育 CFA III 经典题 Equity Portfolio Management 有答案(OCR).pdf,/cfa三级/CFA2级/大语文等多个文件等多个文件/CFA三级/Cfa三级 2024/三级24资料包/Cfa三级大佬笔记/第四轮 pz习题汇总（重点做经典题和例题，已区分有答案版和无答案版，已建立书签检索）/经典题通关讲义/有答案版/9.品职教育 CFA III 经典题 Equity Portfolio Management 有答案(OCR).pdf,三级,文件,2024,60229850
9.品职教育 CFA III 经典题 Equity Portfolio Management 有答案.pdf,/cfa三级/CFA2级/大语文等多个文件等多个文件/CFA三级/Cfa三级 2024/三级24资料包/Cfa三级大佬笔记/第四轮 pz习题汇总（重点做经典题和例题，已区分有答案版和无答案版，已建立书签检索）/经典题通关讲义/有答案版/9.品职教育 CFA III 经典题 Equity Portfolio Management 有答案.pdf,三级,文件,2024,60116871
"品职教育 CFA III 经典题 Trading, Performance Evaluation, and Manager Selection 有答案.pdf","/cfa三级/CFA2级/大语文等多个文件等多个文件/CFA三级/Cfa三级 2024/三级24资料包/Cfa三级大佬笔记/第四轮 pz习题汇总（重点做经典题和例题，已区分有答案版和无答案版，已建立书签检索）/经典题通关讲义/有答案版/品职教育 CFA III 经典题 Trading, Performance Evaluation, and Manager Selection 有答案.pdf",三级,文件,2024,29116354
CFA二级2024等多个文件,/cfa三级/CFA2级/大语文等多个文件等多个文件/CFA二级2024等多个文件,二级,文件夹,2024,
CFA二级2023,/cfa三级/CFA2级/大语文等多个文件等多个文件/CFA二级2024等多个文件/CFA二级2023,二级,文件夹,2024,
CFA二级 GD 2023,/cfa三级/CFA2级/大语文等多个文件等多个文件/CFA二级2024等多个文件/CFA二级2023/CFA二级 GD 2023,二级,文件夹,2024,
2023.8-11CFA二级GD,/cfa三级/CFA2级/大语文等多个文件等多个文件/CFA二级2024等多个文件/CFA二级2023/CFA二级 GD 2023/2023.8-11CFA二级GD,二级,文件夹,2024,
CFA2023年（公式表）-L2.pdf,/cfa三级/CFA2级/大语文等多个文件等多个文件/CFA二级2024等多个文件/CFA二级2023/CFA二级 GD 2023/2023.8-11CFA二级GD/23GD资料/CFA2023年（公式表）-L2.pdf,二级,文件,2024,22911622
CFA2023年（框架图）-L2-36937,/cfa三级/CFA2级/大语文等多个文件等多个文件/CFA二级2024等多个文件/CFA二级2023/CFA二级 GD 2023/2023.8-11CFA二级GD/23GD资料/CFA2023年（框架图）-L2-36937,二级,文件夹,2024,
品职教育2023.08 CFA二级考前押题合集(无答案版).pdf,/cfa三级/CFA2级/大语文等多个文件等多个文件/CFA二级2024等多个文件/CFA二级2023/CFA二级 GD 2023/2023.8-11CFA二级GD/品职教育2023.08 CFA二级考前押题合集(无答案版).pdf,二级,文件,2024,5839912
品职教育2023.08 CFA二级考前押题合集(有答案版).pdf,/cfa三级/CFA2级/大语文等多个文件等多个文件/CFA二级2024等多个文件/CFA二级2023/CFA二级 GD 2023/2023.8-11CFA二级GD/品职教育2023.08 CFA二级考前押题合集(有答案版).pdf,二级,文件,2024,7056938
23CFA二级notes,/cfa三级/CFA2级/大语文等多个文件等多个文件/CFA二级2024等多个文件/CFA二级2023/CFA二级 GD 2023/二级资料包2023/23CFA二级notes,二级,文件夹,2024,
CFA 2023 Level II - SchweserNotes Book 4.pdf,/cfa三级/CFA2级/大语文等多个文件等多个文件/CFA二级2024等多个文件/CFA二级2023/CFA二级 GD 2023/二级资料包2023/23CFA二级notes/CFA 2023 Level II - SchweserNotes Book 4.pdf,二级,文件,2024,6827939
CFA 2023 Level II - SchweserNotes Book 5.pdf,/cfa三级/CFA2级/大语文等多个文件等多个文件/CFA二级2024等多个文件/CFA二级2023/CFA二级 GD 2023/二级资料包2023/23CFA二级notes/CFA 2023 Level II - SchweserNotes Book 5.pdf,二级,文件,2024,2520243
CFA 2023 Level II - Schweser_s Quicksheet.pdf,/cfa三级/CFA2级/大语文等多个文件等多个文件/CFA二级2024等多个文件/CFA二级2023/CFA二级 GD 2023/二级资料包2023/23CFA二级notes/CFA 2023 Level II - Schweser_s Quicksheet.pdf,二级,文件,2024,1083953
CFA2023年（学习指导手册）-L2.pdf,/cfa三级/CFA2级/大语文等多个文件等多个文件/CFA二级2024等多个文件/CFA二级2023/CFA二级 GD 2023/二级资料包2023/23GD资料/CFA2023年（学习指导手册）-L2.pdf,二级,文件,2024,37027634
CFA2023年（框架图）-L2-36937,/cfa三级/CFA2级/大语文等多个文件等多个文件/CFA二级2024等多个文件/CFA二级2023/CFA二级 GD 2023/二级资料包2023/23GD资料/CFA2023年（框架图）-L2-36937,二级,文件夹,2024,
CFA2023年（每日知识点）-L2.pdf,/cfa三级/CFA2级/大语文等多个文件等多个文件/CFA二级2024等多个文件/CFA二级2023/CFA二级 GD 2023/二级资料包2023/23GD资料/CFA2023年（每日知识点）-L2.pdf,二级,文件,2024,51376847
CFA2023年（知识图谱）-L2.pdf,/cfa三级/CFA2级/大语文等多个文件等多个文件/CFA二级2024等多个文件/CFA二级2023/CFA二级 GD 2023/二级资料包2023/23GD资料/CFA2023年（知识图谱）-L2.pdf,二级,文件,2024,8142135
CFA二级中文精讲,/cfa三级/CFA2级/大语文等多个文件等多个文件/CFA二级2024等多个文件/CFA二级2023/CFA二级 GD 2023/二级资料包2023/CFA二级中文精讲,二级,文件夹,2024,
CFA二级中文精讲  3  第2版_14644968.pdf,/cfa三级/CFA2级/大语文等多个文件等多个文件/CFA二级2024等多个文件/CFA二级2023/CFA二级 GD 2023/二级资料包2023/CFA二级中文精讲/CFA二级中文精讲  3  第2版_14644968.pdf,二级,文件,2024,57335496
2023年2月CFA一级100天备考计划表.xlsx,/cfa三级/CFA2级/大语文等多个文件等多个文件/CFA二级2024等多个文件/CFA二级2023/CFA二级 GD 2023/二级资料包2023/百日计划表/2023年2月CFA一级100天备考计划表.xlsx,二级,文件,2024,44458
CFA二级 JC 2023,/cfa三级/CFA2级/大语文等多个文件等多个文件/CFA二级2024等多个文件/CFA二级2023/CFA二级 JC 2023,二级,文件夹,2024,
2023.8-11CFA二级JC,/cfa三级/CFA2级/大语文等多个文件等多个文件/CFA二级2024等多个文件/CFA二级2023/CFA二级 JC 2023/2023.8-11CFA二级JC,二级,文件夹,2024,
1.CFA二级前导_Part_I_标准版.pdf,/cfa三级/CFA2级/大语文等多个文件等多个文件/CFA二级2024等多个文件/CFA二级2023/CFA二级 JC 2023/2023.8-11CFA二级JC/1.前导段/1.前导 Part I/0.讲义/1.CFA二级前导_Part_I_标准版.pdf,二级,文件,2024,2059613
CFA二级基础段公司金融_Tom_打印版.pdf,/cfa三级/CFA2级/大语文等多个文件等多个文件/CFA二级2024等多个文件/CFA二级2023/CFA二级 JC 2023/2023.8-11CFA二级JC/2.基础段/10.Corporate Issuers/CFA二级基础段公司金融_Tom_打印版.pdf,二级,文件,2024,809728
CFA二级基础段公司金融_Tom_标准版.pdf,/cfa三级/CFA2级/大语文等多个文件等多个文件/CFA二级2024等多个文件/CFA二级2023/CFA二级 JC 2023/2023.8-11CFA二级JC/2.基础段/10.Corporate Issuers/CFA二级基础段公司金融_Tom_标准版.pdf,二级,文件,2024,2317825
CFA二级基础段数量_Irene_标准版.pdf,/cfa三级/CFA2级/大语文等多个文件等多个文件/CFA二级2024等多个文件/CFA二级2023/CFA二级 JC 2023/2023.8-11CFA二级JC/2.基础段/5-Quantitative Methods-irene/讲义/CFA二级基础段数量_Irene_标准版.pdf,二级,文件,2024,6305070
1.CFA二级基础段权益_Tom_标准版.pdf,/cfa三级/CFA2级/大语文等多个文件等多个文件/CFA二级2024等多个文件/CFA二级2023/CFA二级 JC 2023/2023.8-11CFA二级JC/2.基础段/7.Equity-tom/讲义/1.CFA二级基础段权益_Tom_标准版.pdf,二级,文件,2024,1823024
CFA二级基础段衍生_Tom_打印版.pdf,/cfa三级/CFA2级/大语文等多个文件等多个文件/CFA二级2024等多个文件/CFA二级2023/CFA二级 JC 2023/2023.8-11CFA二级JC/2.基础段/9.Derivatives/Tom Han/0.讲义/CFA二级基础段衍生_Tom_打印版.pdf,二级,文件,2024,598408
CFA二级基础段衍生_Tom_标准版.pdf,/cfa三级/CFA2级/大语文等多个文件等多个文件/CFA二级2024等多个文件/CFA二级2023/CFA二级 JC 2023/2023.8-11CFA二级JC/2.基础段/9.Derivatives/Tom Han/0.讲义/CFA二级基础段衍生_Tom_标准版.pdf,二级,文件,2024,1068219
CFA二级总复习另类_Tom_打印版.pdf,/cfa三级/CFA2级/大语文等多个文件等多个文件/CFA二级2024等多个文件/CFA二级2023/CFA二级 JC 2023/2023.8-11CFA二级JC/4.强化段/Alternative Investments/0.讲义/CFA二级总复习另类_Tom_打印版.pdf,二级,文件,2024,370150
1.CFA二级核心考点_权益.pdf,/cfa三级/CFA2级/大语文等多个文件等多个文件/CFA二级2024等多个文件/CFA二级2023/CFA二级 JC 2023/2023.8-11CFA二级JC/4.强化段/Equity/0.讲义/1.CFA二级核心考点_权益.pdf,二级,文件,2024,514550
CFA二级总复习数量_Irene_标准版.pdf,/cfa三级/CFA2级/大语文等多个文件等多个文件/CFA二级2024等多个文件/CFA二级2023/CFA二级 JC 2023/2023.8-11CFA二级JC/4.强化段/Quantitative Methods/0.讲义/CFA二级总复习数量_Irene_标准版.pdf,二级,文件,2024,2140302
2305CFA二级密卷_学员版_答案.pdf,/cfa三级/CFA2级/大语文等多个文件等多个文件/CFA二级2024等多个文件/CFA二级2023/CFA二级 JC 2023/2023.8-11CFA二级JC/6.密卷/讲义/2305CFA二级密卷_学员版_答案.pdf,二级,文件,2024,16765390
CFA二级Mock1_AM_答案_学员版.pdf,/cfa三级/CFA2级/大语文等多个文件等多个文件/CFA二级2024等多个文件/CFA二级2023/CFA二级 JC 2023/2023.8-11CFA二级JC/7.mock/CFA二级Mock1_AM_答案_学员版.pdf,二级,文件,2024,353591
CFA二级Mock1_AM_题目_学员版.pdf,/cfa三级/CFA2级/大语文等多个文件等多个文件/CFA二级2024等多个文件/CFA二级2023/CFA二级 JC 2023/2023.8-11CFA二级JC/7.mock/CFA二级Mock1_AM_题目_学员版.pdf,二级,文件,2024,279201
CFA二级Mock2_AM_题目_学员版.pdf,/cfa三级/CFA2级/大语文等多个文件等多个文件/CFA二级2024等多个文件/CFA二级2023/CFA二级 JC 2023/2023.8-11CFA二级JC/7.mock/CFA二级Mock2_AM_题目_学员版.pdf,二级,文件,2024,315886
CFA二级Mock2_PM_答案_学员版.pdf,/cfa三级/CFA2级/大语文等多个文件等多个文件/CFA二级2024等多个文件/CFA二级2023/CFA二级 JC 2023/2023.8-11CFA二级JC/7.mock/CFA二级Mock2_PM_答案_学员版.pdf,二级,文件,2024,397715
23CFA二级notes,/cfa三级/CFA2级/大语文等多个文件等多个文件/CFA二级2024等多个文件/CFA二级2023/CFA二级 JC 2023/二级资料包2023/23CFA二级notes,二级,文件夹,2024,
CFA 2023 Level II - SchweserNotes Book 2.pdf,/cfa三级/CFA2级/大语文等多个文件等多个文件/CFA二级2024等多个文件/CFA二级2023/CFA二级 JC 2023/二级资料包2023/23CFA二级notes/CFA 2023 Level II - SchweserNotes Book 2.pdf,二级,文件,2024,7595558
CFA二级中文精讲,/cfa三级/CFA2级/大语文等多个文件等多个文件/CFA二级2024等多个文件/CFA二级2023/CFA二级 JC 2023/二级资料包2023/CFA二级中文精讲,二级,文件夹,2024,
CFA二级中文精讲  2  第2版_14656763.pdf,/cfa三级/CFA2级/大语文等多个文件等多个文件/CFA二级2024等多个文件/CFA二级2023/CFA二级 JC 2023/二级资料包2023/CFA二级中文精讲/CFA二级中文精讲  2  第2版_14656763.pdf,二级,文件,2024,117226189
CFA二级框架图（23年 ）,/cfa三级/CFA2级/大语文等多个文件等多个文件/CFA二级2024等多个文件/CFA二级2023/CFA二级 JC 2023/二级资料包2023/CFA二级框架图（23年 ）,二级,文件夹,2024,
2023 CFA二级 框架图,/cfa三级/CFA2级/大语文等多个文件等多个文件/CFA二级2024等多个文件/CFA二级2023/CFA二级 JC 2023/二级资料包2023/CFA二级框架图（23年 ）/2023 CFA二级 框架图,二级,文件夹,2024,
2023.05 品职教育 CFA 二级 知识框架图 Quantitative Methods 何旋.pdf,/cfa三级/CFA2级/大语文等多个文件等多个文件/CFA二级2024等多个文件/CFA二级2023/CFA二级 JC 2023/二级资料包2023/CFA二级框架图（23年 ）/2023 CFA二级 框架图/2023.05 品职教育 CFA 二级 知识框架图 Quantitative Methods 何旋.pdf,二级,文件,2024,2606864
2023.05 品职教育CFA二级知识框架图 Financial Statement Analysis_何旋.pdf,/cfa三级/CFA2级/大语文等多个文件等多个文件/CFA二级2024等多个文件/CFA二级2023/CFA二级 JC 2023/二级资料包2023/CFA二级框架图（23年 ）/2023 CFA二级 框架图/2023.05 品职教育CFA二级知识框架图 Financial Statement Analysis_何旋.pdf,二级,文件,2024,2863849
品职教育2023年5月CFA二级Portfolio Management知识框架图_何旋(水印版).pdf,/cfa三级/CFA2级/大语文等多个文件等多个文件/CFA二级2024等多个文件/CFA二级2023/CFA二级 JC 2023/二级资料包2023/CFA二级框架图（23年 ）/2023 CFA二级 框架图/品职教育2023年5月CFA二级Portfolio Management知识框架图_何旋(水印版).pdf,二级,文件,2024,2608694
CFA二级2024,/cfa三级/CFA2级/大语文等多个文件等多个文件/CFA二级2024等多个文件/CFA二级2024,二级,文件夹,2024,
2024 CFA Level II,/cfa三级/CFA2级/大语文等多个文件等多个文件/CFA二级2024等多个文件/CFA二级2024/24资料包/2024 CFA Level II,二级,文件夹,2024,
cfa-program2024L2V2.PDF,/cfa三级/CFA2级/大语文等多个文件等多个文件/CFA二级2024等多个文件/CFA二级2024/24资料包/2024 CFA Level II/cfa-program2024L2V2.PDF,二级,文件,2024,4017076
cfa-program2024L2V6.PDF,/cfa三级/CFA2级/大语文等多个文件等多个文件/CFA二级2024等多个文件/CFA二级2024/24资料包/2024 CFA Level II/cfa-program2024L2V6.PDF,二级,文件,2024,5326847
24cfa二级notes,/cfa三级/CFA2级/大语文等多个文件等多个文件/CFA二级2024等多个文件/CFA二级2024/24资料包/24cfa二级notes,二级,文件夹,2024,
CFA 2024 Level II - SchweserNotes Book 5.pdf,/cfa三级/CFA2级/大语文等多个文件等多个文件/CFA二级2024等多个文件/CFA二级2024/24资料包/24cfa二级notes/CFA 2024 Level II - SchweserNotes Book 5.pdf,二级,文件,2024,3301962
CFA二级 jc,/cfa三级/CFA2级/大语文等多个文件等多个文件/CFA二级2024等多个文件/CFA二级2024/CFA二级 jc,二级,文件夹,2024,
CFA二级经典题_经济学_打印版.pdf,/cfa三级/CFA2级/大语文等多个文件等多个文件/CFA二级2024等多个文件/CFA二级2024/CFA二级 jc/03-经典题/二级经典题讲义/CFA二级经典题_经济学_打印版.pdf,二级,文件,2024,507062
CFA二级经典题衍生_Mikey_标准版.pdf,/cfa三级/CFA2级/大语文等多个文件等多个文件/CFA二级2024等多个文件/CFA二级2024/CFA二级 jc/03-经典题/二级经典题讲义/CFA二级经典题衍生_Mikey_标准版.pdf,二级,文件,2024,1976507
CFA二级基础段固收_Cherie_打印版.pdf,/cfa三级/CFA2级/大语文等多个文件等多个文件/CFA二级2024等多个文件/CFA二级2024/CFA二级 jc/2. 基础班/6.cherie-Fixed Income/CFA二级基础段固收_Cherie_打印版.pdf,二级,文件,2024,1896002
CFA二级基础段组合_王慧琳_打印版.pdf,/cfa三级/CFA2级/大语文等多个文件等多个文件/CFA二级2024等多个文件/CFA二级2024/CFA二级 jc/2. 基础班/7.Portfolio Management/CFA二级基础段组合_王慧琳_打印版.pdf,二级,文件,2024,1375818
CFA二级基础段另类_Tom_打印版.pdf,/cfa三级/CFA2级/大语文等多个文件等多个文件/CFA二级2024等多个文件/CFA二级2024/CFA二级 jc/2. 基础班/9.Alternative Investments-Tom/CFA二级基础段另类_Tom_打印版.pdf,二级,文件,2024,628288
2024CFA二级模考1学员版-答案.pdf,/cfa三级/CFA2级/大语文等多个文件等多个文件/CFA二级2024等多个文件/CFA二级2024/CFA二级 jc/6-模考班/2024CFA二级模考1学员版-答案.pdf,二级,文件,2024,914107
2024CFA二级模考1学员版-题目.pdf,/cfa三级/CFA2级/大语文等多个文件等多个文件/CFA二级2024等多个文件/CFA二级2024/CFA二级 jc/6-模考班/2024CFA二级模考1学员版-题目.pdf,二级,文件,2024,796925
2024CFA二级模考2学员版-题目.pdf,/cfa三级/CFA2级/大语文等多个文件等多个文件/CFA二级2024等多个文件/CFA二级2024/CFA二级 jc/6-模考班/2024CFA二级模考2学员版-题目.pdf,二级,文件,2024,1048662
CFA二级gd,/cfa三级/CFA2级/大语文等多个文件等多个文件/CFA二级2024等多个文件/CFA二级2024/CFA二级gd,二级,文件夹,2024,
CFA,/cfa三级/CFA2级/大语文等多个文件等多个文件/最近更新2024/CFA,未标注,文件夹,2024,
2024年CFA备考资料,/cfa三级/CFA2级/大语文等多个文件等多个文件/最近更新2024/CFA/2024年CFA备考资料,未标注,文件夹,2024,
CFA-L1-一级考试的数学公式表.pdf,/cfa三级/CFA2级/大语文等多个文件等多个文件/最近更新2024/CFA/2024年CFA备考资料/CFA-L1-一级考试的数学公式表.pdf,一级,文件,2024,10336411
CFA-L1-精研百题-道德.pdf,/cfa三级/CFA2级/大语文等多个文件等多个文件/最近更新2024/CFA/2024年CFA备考资料/CFA-L1-精研百题-道德.pdf,未标注,文件,2024,9459578
CFA-L1-红宝书考点知识讲解 中英文.pdf,/cfa三级/CFA2级/大语文等多个文件等多个文件/最近更新2024/CFA/2024年CFA备考资料/CFA-L1-红宝书考点知识讲解 中英文.pdf,未标注,文件,2024,1862352
CFA-L1-考纲-2024.pdf,/cfa三级/CFA2级/大语文等多个文件等多个文件/最近更新2024/CFA/2024年CFA备考资料/CFA-L1-考纲-2024.pdf,未标注,文件,2024,829422
CFA-L2-考纲-2024.pdf,/cfa三级/CFA2级/大语文等多个文件等多个文件/最近更新2024/CFA/2024年CFA备考资料/CFA-L2-考纲-2024.pdf,未标注,文件,2024,261786
CFA-L3-考纲-2024.pdf,/cfa三级/CFA2级/大语文等多个文件等多个文件/最近更新2024/CFA/2024年CFA备考资料/CFA-L3-考纲-2024.pdf,未标注,文件,2024,226333
CFA24年考纲变动解读2.0.pdf,/cfa三级/CFA2级/大语文等多个文件等多个文件/最近更新2024/CFA/2024年CFA备考资料/CFA24年考纲变动解读2.0.pdf,未标注,文件,2024,1937579
CFA一级知识点背诵手册-03财报.pdf,/cfa三级/CFA2级/大语文等多个文件等多个文件/最近更新2024/CFA/2024年CFA备考资料/CFA一级知识点背诵手册-03财报.pdf,一级,文件,2024,8476623
CFA含金量与职业发展前景.pdf,/cfa三级/CFA2级/大语文等多个文件等多个文件/最近更新2024/CFA/2024年CFA备考资料/CFA含金量与职业发展前景.pdf,未标注,文件,2024,1278253
CFA学霸笔记.pdf,/cfa三级/CFA2级/大语文等多个文件等多个文件/最近更新2024/CFA/2024年CFA备考资料/CFA学霸笔记.pdf,未标注,文件,2024,7880321
CFA考场避坑宝典.pdf,/cfa三级/CFA2级/大语文等多个文件等多个文件/最近更新2024/CFA/2024年CFA备考资料/CFA考场避坑宝典.pdf,未标注,文件,2024,2144256
cfa三级(持续更新),/cfa三级/CFA2级/大语文等多个文件等多个文件/最近更新2024/CFA/cfa三级(持续更新),三级,文件夹,2024,
CFA二级gd,/cfa三级/CFA二级gd,二级,文件夹,0,
Cfa三级2024,/cfa三级/Cfa三级2024,三级,文件夹,2024,
CFA三级2023,/cfa三级/Cfa三级2024/CFA三级2023,三级,文件夹,2024,
2023.2CFA三级GD,/cfa三级/Cfa三级2024/CFA三级2023/2023.2CFA三级GD,三级,文件夹,2024,
01-CFA L3 Economic Introduction.mp4,/cfa三级/Cfa三级2024/CFA三级2023/2023.2CFA三级GD/02-知识精讲阶段/02-Economic–chen/01-CFA L3 Economic Introduction.mp4,三级,文件,2024,202861388
21-Summary of CFA L3 Economic.mp4,/cfa三级/Cfa三级2024/CFA三级2023/2023.2CFA三级GD/02-知识精讲阶段/02-Economic–chen/21-Summary of CFA L3 Economic.mp4,三级,文件,2024,275204532
2023.2CFA三级JC,/cfa三级/Cfa三级2024/CFA三级2023/2023.2CFA三级JC,三级,文件夹,2024,
2023.8CFA三级GD,/cfa三级/Cfa三级2024/CFA三级2023/2023.8CFA三级GD,三级,文件夹,2024,
2023.8CFA三级JC,/cfa三级/Cfa三级2024/CFA三级2023/2023.8CFA三级JC,三级,文件夹,2024,
2022CFA三级notes,/cfa三级/Cfa三级2024/CFA三级2023/资料包/22年资料/2022CFA三级notes,三级,文件夹,2024,
品职CFA三级资料,/cfa三级/Cfa三级2024/CFA三级2023/资料包/22年资料/品职CFA三级资料,三级,文件夹,2024,
2022品职CFA III 公式密钥.pdf,/cfa三级/Cfa三级2024/CFA三级2023/资料包/22年资料/品职CFA三级资料/CFA三级公式密钥/2022品职CFA III 公式密钥.pdf,三级,文件,2024,49834979
Cfa三级 2024,/cfa三级/Cfa三级2024/Cfa三级 2024,三级,文件夹,2024,
cfa-program2024L3V1（CME、AA）.PDF,/cfa三级/Cfa三级2024/Cfa三级 2024/2024年三级教材/cfa-program2024L3V1（CME、AA）.PDF,三级,文件,2024,3417592
CFA三级基础班交易_王慧琳（打印版）.pdf,/cfa三级/Cfa三级2024/Cfa三级 2024/Gd/2.核心知识精讲/讲义/CFA三级基础班交易_王慧琳（打印版）.pdf,三级,文件,2024,770667
CFA三级基础班另类-王慧琳-（标准版）.pdf,/cfa三级/Cfa三级2024/Cfa三级 2024/Gd/2.核心知识精讲/讲义/CFA三级基础班另类-王慧琳-（标准版）.pdf,三级,文件,2024,1004193
CFA三级基础班机构案例-王慧琳-（标准版）.pdf,/cfa三级/Cfa三级2024/Cfa三级 2024/Gd/2.核心知识精讲/讲义/CFA三级基础班机构案例-王慧琳-（标准版）.pdf,三级,文件,2024,931937
1.品职教育 CFA III Behavioral Finance 强化串讲.pdf,/cfa三级/Cfa三级2024/Cfa三级 2024/Pz/3.强化串讲课/讲义/1.品职教育 CFA III Behavioral Finance 强化串讲.pdf,三级,文件,2024,2635959
2.品职教育 CFA III 强化串讲 Global Investment Performance Standards.pdf,/cfa三级/Cfa三级2024/Cfa三级 2024/Pz/3.强化串讲课/讲义/2.品职教育 CFA III 强化串讲 Global Investment Performance Standards.pdf,三级,文件,2024,6428165
4.品职教育 CFA III 强化串讲 Asset Allocation.pdf,/cfa三级/Cfa三级2024/Cfa三级 2024/Pz/3.强化串讲课/讲义/4.品职教育 CFA III 强化串讲 Asset Allocation.pdf,三级,文件,2024,10538375
6.品职教育 CFA III 强化串讲 Alternative Management.pdf,/cfa三级/Cfa三级2024/Cfa三级 2024/Pz/3.强化串讲课/讲义/6.品职教育 CFA III 强化串讲 Alternative Management.pdf,三级,文件,2024,11764091
8.品职教育 CFA III 强化串讲 Fixed Income.pdf,/cfa三级/Cfa三级2024/Cfa三级 2024/Pz/3.强化串讲课/讲义/8.品职教育 CFA III 强化串讲 Fixed Income.pdf,三级,文件,2024,19271595
品职教育 CFA III 经典题 Asset Allocation 有答案.pdf,/cfa三级/Cfa三级2024/Cfa三级 2024/Pz/4.经典题通关课/讲义/品职教育 CFA III 经典题 Asset Allocation 有答案.pdf,三级,文件,2024,49715274
品职教育 CFA III 经典题 Capital Market Expectations (补充)无答案.pdf,/cfa三级/Cfa三级2024/Cfa三级 2024/Pz/4.经典题通关课/讲义/品职教育 CFA III 经典题 Capital Market Expectations (补充)无答案.pdf,三级,文件,2024,11893432
品职教育 CFA III 经典题 Fixed Income 无答案.pdf,/cfa三级/Cfa三级2024/Cfa三级 2024/Pz/4.经典题通关课/讲义/品职教育 CFA III 经典题 Fixed Income 无答案.pdf,三级,文件,2024,41755121
品职教育 CFA III 经典题 Individual IPS 无答案.pdf,/cfa三级/Cfa三级2024/Cfa三级 2024/Pz/4.经典题通关课/讲义/品职教育 CFA III 经典题 Individual IPS 无答案.pdf,三级,文件,2024,18790070
4.CFA II Derivatives,/cfa三级/Cfa三级2024/Cfa三级 2024/Pz/早读课/4.CFA II Derivatives,三级,文件夹,2024,
1.品职教育 CFA I Fixed Income.pdf,/cfa三级/Cfa三级2024/Cfa三级 2024/Pz/早读课/讲义/1.品职教育 CFA I Fixed Income.pdf,三级,文件,2024,81206154
1.品职教育 CFA I 计算器使用.pdf,/cfa三级/Cfa三级2024/Cfa三级 2024/Pz/早读课/讲义/1.品职教育 CFA I 计算器使用.pdf,三级,文件,2024,2810690
CFA三级框架图,/cfa三级/Cfa三级2024/Cfa三级 2024/三级24资料包/CFA三级框架图,三级,文件夹,2024,
品职教育 CFA III Equity知识框架图李斯克.pdf,/cfa三级/Cfa三级2024/Cfa三级 2024/三级24资料包/CFA三级框架图/品职教育 CFA III Equity知识框架图李斯克.pdf,三级,文件,2024,3455750
品职教育 CFA III capital market expectation 知识框架图 何旋.pdf,/cfa三级/Cfa三级2024/Cfa三级 2024/三级24资料包/CFA三级框架图/品职教育 CFA III capital market expectation 知识框架图 何旋.pdf,三级,文件,2024,3947973
品职教育 CFA三级知识框架图_Private Wealth Management_李斯克.pdf,/cfa三级/Cfa三级2024/Cfa三级 2024/三级24资料包/CFA三级框架图/品职教育 CFA三级知识框架图_Private Wealth Management_李斯克.pdf,三级,文件,2024,6624992
品职教育CFA三级知识框架图_Trade strategy and  Execution.pdf,/cfa三级/Cfa三级2024/Cfa三级 2024/三级24资料包/CFA三级框架图/品职教育CFA三级知识框架图_Trade strategy and  Execution.pdf,三级,文件,2024,2427516
Cfa三级大佬笔记,/cfa三级/Cfa三级2024/Cfa三级 2024/三级24资料包/Cfa三级大佬笔记,三级,文件夹,2024,
品职教育2023.08 CFA三级考前押题合集(有答案版).pdf,/cfa三级/Cfa三级2024/Cfa三级 2024/三级24资料包/Cfa三级大佬笔记/最终轮 记忆背诵（总结押题重点，已设置背、重点等标签，可直接检索）/品职教育2023.08 CFA三级考前押题合集(有答案版).pdf,三级,文件,2024,37406416
品职教育 CFA 三级 知识框架图 Capital Market Expectation.pdf,/cfa三级/Cfa三级2024/Cfa三级 2024/三级24资料包/Cfa三级大佬笔记/第二轮 上轮最终奶茶课复习（第一遍课后题后）/品职教育 CFA 三级 知识框架图 Capital Market Expectation.pdf,三级,文件,2024,11975008
品职教育 CFA 三级 知识框架图 Derivatives and Currency Management.pdf,/cfa三级/Cfa三级2024/Cfa三级 2024/三级24资料包/Cfa三级大佬笔记/第二轮 上轮最终奶茶课复习（第一遍课后题后）/品职教育 CFA 三级 知识框架图 Derivatives and Currency Management.pdf,三级,文件,2024,8499185
品职教育 CFA 三级 知识框架图 Equity.pdf,/cfa三级/Cfa三级2024/Cfa三级 2024/三级24资料包/Cfa三级大佬笔记/第二轮 上轮最终奶茶课复习（第一遍课后题后）/品职教育 CFA 三级 知识框架图 Equity.pdf,三级,文件,2024,10225364
品职教育 CFA 三级 知识框架图 Fixed Income.pdf,/cfa三级/Cfa三级2024/Cfa三级 2024/三级24资料包/Cfa三级大佬笔记/第二轮 上轮最终奶茶课复习（第一遍课后题后）/品职教育 CFA 三级 知识框架图 Fixed Income.pdf,三级,文件,2024,19200218
品职教育 CFA 三级 知识框架图 Private Wealth Management.pdf,/cfa三级/Cfa三级2024/Cfa三级 2024/三级24资料包/Cfa三级大佬笔记/第二轮 上轮最终奶茶课复习（第一遍课后题后）/品职教育 CFA 三级 知识框架图 Private Wealth Management.pdf,三级,文件,2024,19076731
第五轮 强化班&品职整理笔记（根据强化班课程自行整理，已分大纲，看品职强化文件夹即可）,/cfa三级/Cfa三级2024/Cfa三级 2024/三级24资料包/Cfa三级大佬笔记/第五轮 强化班&品职整理笔记（根据强化班课程自行整理，已分大纲，看品职强化文件夹即可）,三级,文件夹,2024,
品职,/cfa三级/Cfa三级2024/Cfa三级 2024/三级24资料包/Cfa三级大佬笔记/第五轮 强化班&品职整理笔记（根据强化班课程自行整理，已分大纲，看品职强化文件夹即可）/品职,三级,文件夹,2024,
品职强化,/cfa三级/Cfa三级2024/Cfa三级 2024/三级24资料包/Cfa三级大佬笔记/第五轮 强化班&品职整理笔记（根据强化班课程自行整理，已分大纲，看品职强化文件夹即可）/品职强化,三级,文件夹,2024,
1.品职教育 CFA III Ethics & Professional standards.pdf,/cfa三级/Cfa三级2024/Cfa三级 2024/三级24资料包/Cfa三级大佬笔记/第五轮 强化班&品职整理笔记（根据强化班课程自行整理，已分大纲，看品职强化文件夹即可）/品职强化/1.品职教育 CFA III Ethics & Professional standards.pdf,三级,文件,2024,155962214
品职道德讲义.pdf,/cfa三级/Cfa三级2024/Cfa三级 2024/三级24资料包/Cfa三级大佬笔记/第八轮 错题整理（已按照科目及知识点分类，共700页左右，此外含有个人总结难理解及易混知识点，看最终错题本地版）/品职道德讲义.pdf,三级,文件,2024,248266261
2023品职道德三级别通用版讲义 更新.pdf,/cfa三级/Cfa三级2024/Cfa三级 2024/三级24资料包/Cfa三级大佬笔记/第八轮 错题整理（已按照科目及知识点分类，共700页左右，此外含有个人总结难理解及易混知识点，看最终错题本地版）/最终复习/2023品职道德三级别通用版讲义 更新.pdf,三级,文件,2024,52111837
1.品职教育 CFA机考必学方案.pdf,/cfa三级/Cfa三级2024/Cfa三级 2024/三级24资料包/Cfa三级大佬笔记/第四轮 pz习题汇总（重点做经典题和例题，已区分有答案版和无答案版，已建立书签检索）/1.品职教育 CFA机考必学方案.pdf,三级,文件,2024,16432632
CFA闪卡（三级）,/cfa三级/Cfa三级2024/Cfa三级 2024/三级24资料包/Cfa三级大佬笔记/第四轮 pz习题汇总（重点做经典题和例题，已区分有答案版和无答案版，已建立书签检索）/CFA闪卡（三级）,三级,文件夹,2024,
品职教育2022年CFA三级 Flashcard_Asset Allocation.pdf,/cfa三级/Cfa三级2024/Cfa三级 2024/三级24资料包/Cfa三级大佬笔记/第四轮 pz习题汇总（重点做经典题和例题，已区分有答案版和无答案版，已建立书签检索）/CFA闪卡（三级）/品职教育2022年CFA三级 Flashcard_Asset Allocation.pdf,三级,文件,2024,2185880
品职教育2022年CFA三级 Flashcard_Equity.pdf,/cfa三级/Cfa三级2024/Cfa三级 2024/三级24资料包/Cfa三级大佬笔记/第四轮 pz习题汇总（重点做经典题和例题，已区分有答案版和无答案版，已建立书签检索）/CFA闪卡（三级）/品职教育2022年CFA三级 Flashcard_Equity.pdf,三级,文件,2024,4521916
品职教育2022年CFA三级 Flashcard_GIPS.pdf,/cfa三级/Cfa三级2024/Cfa三级 2024/三级24资料包/Cfa三级大佬笔记/第四轮 pz习题汇总（重点做经典题和例题，已区分有答案版和无答案版，已建立书签检索）/CFA闪卡（三级）/品职教育2022年CFA三级 Flashcard_GIPS.pdf,三级,文件,2024,1992636
品职教育2022年CFA三级Flashcard_七大条准则.pdf,/cfa三级/Cfa三级2024/Cfa三级 2024/三级24资料包/Cfa三级大佬笔记/第四轮 pz习题汇总（重点做经典题和例题，已区分有答案版和无答案版，已建立书签检索）/CFA闪卡（三级）/品职教育2022年CFA三级Flashcard_七大条准则.pdf,三级,文件,2024,4229721
11.品职教育 CFA III 例题课Global Investment Performance Standards (GIPS) .pdf,/cfa三级/Cfa三级2024/Cfa三级 2024/三级24资料包/Cfa三级大佬笔记/第四轮 pz习题汇总（重点做经典题和例题，已区分有答案版和无答案版，已建立书签检索）/习题讲义汇总/11.品职教育 CFA III 例题课Global Investment Performance Standards (GIPS) .pdf,三级,文件,2024,1442864
2.品职教育 CFA III 经典题 Behavioral Finance(有答案版).pdf,/cfa三级/Cfa三级2024/Cfa三级 2024/三级24资料包/Cfa三级大佬笔记/第四轮 pz习题汇总（重点做经典题和例题，已区分有答案版和无答案版，已建立书签检索）/习题讲义汇总/2.品职教育 CFA III 经典题 Behavioral Finance(有答案版).pdf,三级,文件,2024,22190469
1.品职教育 CFA III 例题课 Capital Market Expectations已做.pdf,/cfa三级/Cfa三级2024/Cfa三级 2024/三级24资料包/Cfa三级大佬笔记/第四轮 pz习题汇总（重点做经典题和例题，已区分有答案版和无答案版，已建立书签检索）/例题课讲义/1.品职教育 CFA III 例题课 Capital Market Expectations已做.pdf,三级,文件,2024,36349191
10.品职教育 CFA III 例题课 Trading & Performance.pdf,/cfa三级/Cfa三级2024/Cfa三级 2024/三级24资料包/Cfa三级大佬笔记/第四轮 pz习题汇总（重点做经典题和例题，已区分有答案版和无答案版，已建立书签检索）/例题课讲义/10.品职教育 CFA III 例题课 Trading & Performance.pdf,三级,文件,2024,43115903
3.品职教育 CFA III 例题课 Private Wealth Management .pdf,/cfa三级/Cfa三级2024/Cfa三级 2024/三级24资料包/Cfa三级大佬笔记/第四轮 pz习题汇总（重点做经典题和例题，已区分有答案版和无答案版，已建立书签检索）/例题课讲义/3.品职教育 CFA III 例题课 Private Wealth Management .pdf,三级,文件,2024,60952672
4.品职教育 CFA III 例题课 Asset Allocation.pdf,/cfa三级/Cfa三级2024/Cfa三级 2024/三级24资料包/Cfa三级大佬笔记/第四轮 pz习题汇总（重点做经典题和例题，已区分有答案版和无答案版，已建立书签检索）/例题课讲义/4.品职教育 CFA III 例题课 Asset Allocation.pdf,三级,文件,2024,48201541
5.品职教育 CFA III 例题课 Equity Portfolio Management.pdf,/cfa三级/Cfa三级2024/Cfa三级 2024/三级24资料包/Cfa三级大佬笔记/第四轮 pz习题汇总（重点做经典题和例题，已区分有答案版和无答案版，已建立书签检索）/例题课讲义/5.品职教育 CFA III 例题课 Equity Portfolio Management.pdf,三级,文件,2024,33933690
1.品职教育 CFA III Asset Allocation and Related Decisions in Portfolio Management.pdf,/cfa三级/Cfa三级2024/Cfa三级 2024/三级24资料包/Cfa三级大佬笔记/第四轮 pz习题汇总（重点做经典题和例题，已区分有答案版和无答案版，已建立书签检索）/基础讲义/1.品职教育 CFA III Asset Allocation and Related Decisions in Portfolio Management.pdf,三级,文件,2024,75220297
1.品职教育 CFA III Capital Market Expectations(OCR).pdf,/cfa三级/Cfa三级2024/Cfa三级 2024/三级24资料包/Cfa三级大佬笔记/第四轮 pz习题汇总（重点做经典题和例题，已区分有答案版和无答案版，已建立书签检索）/基础讲义/1.品职教育 CFA III Capital Market Expectations(OCR).pdf,三级,文件,2024,67190774
1.品职教育 CFA III Capital Market Expectations.pdf,/cfa三级/Cfa三级2024/Cfa三级 2024/三级24资料包/Cfa三级大佬笔记/第四轮 pz习题汇总（重点做经典题和例题，已区分有答案版和无答案版，已建立书签检索）/基础讲义/1.品职教育 CFA III Capital Market Expectations.pdf,三级,文件,2024,66995138
1.品职教育 CFA III Derivatives and Currency Management.pdf,/cfa三级/Cfa三级2024/Cfa三级 2024/三级24资料包/Cfa三级大佬笔记/第四轮 pz习题汇总（重点做经典题和例题，已区分有答案版和无答案版，已建立书签检索）/基础讲义/1.品职教育 CFA III Derivatives and Currency Management.pdf,三级,文件,2024,85599704
2.品职教育 CFA III Fixed Income (Part 2).pdf,/cfa三级/Cfa三级2024/Cfa三级 2024/三级24资料包/Cfa三级大佬笔记/第四轮 pz习题汇总（重点做经典题和例题，已区分有答案版和无答案版，已建立书签检索）/基础讲义/2.品职教育 CFA III Fixed Income (Part 2).pdf,三级,文件,2024,62880730
3.品职教育 CFA III Global Investment Performance Standards-Sample Reports.pdf,/cfa三级/Cfa三级2024/Cfa三级 2024/三级24资料包/Cfa三级大佬笔记/第四轮 pz习题汇总（重点做经典题和例题，已区分有答案版和无答案版，已建立书签检索）/基础讲义/3.品职教育 CFA III Global Investment Performance Standards-Sample Reports.pdf,三级,文件,2024,2260052
18.品职教育 CFA III 经典题 机构IPS（写作题无答案版）.pdf,/cfa三级/Cfa三级2024/Cfa三级 2024/三级24资料包/Cfa三级大佬笔记/第四轮 pz习题汇总（重点做经典题和例题，已区分有答案版和无答案版，已建立书签检索）/经典题通关讲义/无答案版/18.品职教育 CFA III 经典题 机构IPS（写作题无答案版）.pdf,三级,文件,2024,18953289
13.品职教育 CFA III 经典题 Fixed Income 有答案(OCR).pdf,/cfa三级/Cfa三级2024/Cfa三级 2024/三级24资料包/Cfa三级大佬笔记/第四轮 pz习题汇总（重点做经典题和例题，已区分有答案版和无答案版，已建立书签检索）/经典题通关讲义/有答案版/13.品职教育 CFA III 经典题 Fixed Income 有答案(OCR).pdf,三级,文件,2024,79271574
17.品职教育 CFA III 经典题 机构IPS（写作题有答案版）.pdf,/cfa三级/Cfa三级2024/Cfa三级 2024/三级24资料包/Cfa三级大佬笔记/第四轮 pz习题汇总（重点做经典题和例题，已区分有答案版和无答案版，已建立书签检索）/经典题通关讲义/有答案版/17.品职教育 CFA III 经典题 机构IPS（写作题有答案版）.pdf,三级,文件,2024,35326156
3.品职教育 CFA III 经典题 Individual IPS 有答案.pdf,/cfa三级/Cfa三级2024/Cfa三级 2024/三级24资料包/Cfa三级大佬笔记/第四轮 pz习题汇总（重点做经典题和例题，已区分有答案版和无答案版，已建立书签检索）/经典题通关讲义/有答案版/3.品职教育 CFA III 经典题 Individual IPS 有答案.pdf,三级,文件,2024,63083330
5.品职教育 CFA III 经典题 Capital Market Expectations 有答案.pdf,/cfa三级/Cfa三级2024/Cfa三级 2024/三级24资料包/Cfa三级大佬笔记/第四轮 pz习题汇总（重点做经典题和例题，已区分有答案版和无答案版，已建立书签检索）/经典题通关讲义/有答案版/5.品职教育 CFA III 经典题 Capital Market Expectations 有答案.pdf,三级,文件,2024,47353777
7.品职教育 CFA III 经典题 Capital Market Expectations (补充)有答案.pdf,/cfa三级/Cfa三级2024/Cfa三级 2024/三级24资料包/Cfa三级大佬笔记/第四轮 pz习题汇总（重点做经典题和例题，已区分有答案版和无答案版，已建立书签检索）/经典题通关讲义/有答案版/7.品职教育 CFA III 经典题 Capital Market Expectations (补充)有答案.pdf,三级,文件,2024,34725858
品职教育 CFA III 经典题 Ethics（有答案版）.pdf,/cfa三级/Cfa三级2024/Cfa三级 2024/三级24资料包/Cfa三级大佬笔记/第四轮 pz习题汇总（重点做经典题和例题，已区分有答案版和无答案版，已建立书签检索）/经典题通关讲义/有答案版/品职教育 CFA III 经典题 Ethics（有答案版）.pdf,三级,文件,2024,23401000
新cfa24一级,/cfa三级/新cfa24一级,一级,文件夹,0,
"25年GD,JC一级CFA等多个文件","/cfa三级/新cfa24一级/25年GD,JC一级CFA等多个文件",一级,文件夹,0,
25年GD一级CFA,"/cfa三级/新cfa24一级/25年GD,JC一级CFA等多个文件/25年GD一级CFA",一级,文件夹,0,
32.CFA协会项目参与者的行为 .mp4,"/cfa三级/新cfa24一级/25年GD,JC一级CFA等多个文件/25年GD一级CFA/3.王牌陈讲道德/32.CFA协会项目参与者的行为 .mp4",一级,文件,0,346794112
33.关于CFA协会 名衔和课程 .mp4,"/cfa三级/新cfa24一级/25年GD,JC一级CFA等多个文件/25年GD一级CFA/3.王牌陈讲道德/33.关于CFA协会 名衔和课程 .mp4",一级,文件,0,329273321
CFA一级模考套卷-A卷讲解,"/cfa三级/新cfa24一级/25年GD,JC一级CFA等多个文件/25年GD一级CFA/6.模考卷360题（有讲解）/CFA一级模考套卷-A卷讲解",一级,文件夹,0,
CFA一级模考套卷-B卷讲解,"/cfa三级/新cfa24一级/25年GD,JC一级CFA等多个文件/25年GD一级CFA/6.模考卷360题（有讲解）/CFA一级模考套卷-B卷讲解",一级,文件夹,0,
25年JC一级CFA,"/cfa三级/新cfa24一级/25年GD,JC一级CFA等多个文件/25年JC一级CFA",一级,文件夹,0,
3.CFA金融英语,"/cfa三级/新cfa24一级/25年GD,JC一级CFA等多个文件/25年JC一级CFA/0.工具辅导课程/3.CFA金融英语",一级,文件夹,0,
4.CFA金融数学,"/cfa三级/新cfa24一级/25年GD,JC一级CFA等多个文件/25年JC一级CFA/0.工具辅导课程/4.CFA金融数学",一级,文件夹,0,
4.CFA备考常见英语词汇,"/cfa三级/新cfa24一级/25年GD,JC一级CFA等多个文件/25年JC一级CFA/1.前导班/4.CFA备考常见英语词汇",一级,文件夹,0,
5.CFA备考财务基础知识,"/cfa三级/新cfa24一级/25年GD,JC一级CFA等多个文件/25年JC一级CFA/1.前导班/5.CFA备考财务基础知识",一级,文件夹,0,
2025年CFA一级王者百题_公司金融.pdf,"/cfa三级/新cfa24一级/25年GD,JC一级CFA等多个文件/25年JC一级CFA/4.百题班/讲义/2025年CFA一级王者百题_公司金融.pdf",一级,文件,2025,1619873
2025年CFA一级王者百题_另类.pdf,"/cfa三级/新cfa24一级/25年GD,JC一级CFA等多个文件/25年JC一级CFA/4.百题班/讲义/2025年CFA一级王者百题_另类.pdf",一级,文件,2025,1415258
2025年CFA一级王者百题_固收.pdf,"/cfa三级/新cfa24一级/25年GD,JC一级CFA等多个文件/25年JC一级CFA/4.百题班/讲义/2025年CFA一级王者百题_固收.pdf",一级,文件,2025,1898941
2025年CFA一级王者百题_数量.pdf,"/cfa三级/新cfa24一级/25年GD,JC一级CFA等多个文件/25年JC一级CFA/4.百题班/讲义/2025年CFA一级王者百题_数量.pdf",一级,文件,2025,1661860
2025年CFA一级王者百题_权益.pdf,"/cfa三级/新cfa24一级/25年GD,JC一级CFA等多个文件/25年JC一级CFA/4.百题班/讲义/2025年CFA一级王者百题_权益.pdf",一级,文件,2025,1731894
2025年CFA一级王者百题_组合_.pdf,"/cfa三级/新cfa24一级/25年GD,JC一级CFA等多个文件/25年JC一级CFA/4.百题班/讲义/2025年CFA一级王者百题_组合_.pdf",一级,文件,2025,1559373
2025年CFA一级王者百题_经济.pdf,"/cfa三级/新cfa24一级/25年GD,JC一级CFA等多个文件/25年JC一级CFA/4.百题班/讲义/2025年CFA一级王者百题_经济.pdf",一级,文件,2025,1763998
2025年CFA一级王者百题_衍生.pdf,"/cfa三级/新cfa24一级/25年GD,JC一级CFA等多个文件/25年JC一级CFA/4.百题班/讲义/2025年CFA一级王者百题_衍生.pdf",一级,文件,2025,1469578
2025年CFA一级王者百题_财报.pdf,"/cfa三级/新cfa24一级/25年GD,JC一级CFA等多个文件/25年JC一级CFA/4.百题班/讲义/2025年CFA一级王者百题_财报.pdf",一级,文件,2025,1916572
2025年CFA一级王者百题_道德.pdf,"/cfa三级/新cfa24一级/25年GD,JC一级CFA等多个文件/25年JC一级CFA/4.百题班/讲义/2025年CFA一级王者百题_道德.pdf",一级,文件,2025,799086
2025年02月CFA一级密押（上）,"/cfa三级/新cfa24一级/25年GD,JC一级CFA等多个文件/25年JC一级CFA/6.冲刺模考/2025年02月CFA一级密押（上）",一级,文件夹,2025,
2025年02月CFA一级密押（下）,"/cfa三级/新cfa24一级/25年GD,JC一级CFA等多个文件/25年JC一级CFA/6.冲刺模考/2025年02月CFA一级密押（下）",一级,文件夹,2025,
2025年02月CFA一级模考1（上）,"/cfa三级/新cfa24一级/25年GD,JC一级CFA等多个文件/25年JC一级CFA/6.冲刺模考/2025年02月CFA一级模考1（上）",一级,文件夹,2025,
2025年02月CFA一级模考1（下）,"/cfa三级/新cfa24一级/25年GD,JC一级CFA等多个文件/25年JC一级CFA/6.冲刺模考/2025年02月CFA一级模考1（下）",一级,文件夹,2025,
2025年02月CFA一级模考2（上）,"/cfa三级/新cfa24一级/25年GD,JC一级CFA等多个文件/25年JC一级CFA/6.冲刺模考/2025年02月CFA一级模考2（上）",一级,文件夹,2025,
2025年02月CFA一级模考2（下）,"/cfa三级/新cfa24一级/25年GD,JC一级CFA等多个文件/25年JC一级CFA/6.冲刺模考/2025年02月CFA一级模考2（下）",一级,文件夹,2025,
2025年CFA一级百题组卷测试（上）,"/cfa三级/新cfa24一级/25年GD,JC一级CFA等多个文件/25年JC一级CFA/6.冲刺模考/2025年CFA一级百题组卷测试（上）",一级,文件夹,2025,
2025年CFA一级百题组卷测试（下）,"/cfa三级/新cfa24一级/25年GD,JC一级CFA等多个文件/25年JC一级CFA/6.冲刺模考/2025年CFA一级百题组卷测试（下）",一级,文件夹,2025,
2025CFA一级密卷_上（答案）.pdf,"/cfa三级/新cfa24一级/25年GD,JC一级CFA等多个文件/25年JC一级CFA/6.冲刺模考/讲义/2025CFA一级密卷_上（答案）.pdf",一级,文件,2025,597102
2025CFA一级密卷_上（题目）.pdf,"/cfa三级/新cfa24一级/25年GD,JC一级CFA等多个文件/25年JC一级CFA/6.冲刺模考/讲义/2025CFA一级密卷_上（题目）.pdf",一级,文件,2025,413428
2025CFA一级密卷_下（答案）.pdf,"/cfa三级/新cfa24一级/25年GD,JC一级CFA等多个文件/25年JC一级CFA/6.冲刺模考/讲义/2025CFA一级密卷_下（答案）.pdf",一级,文件,2025,494940
2025CFA一级密卷_下（题目）.pdf,"/cfa三级/新cfa24一级/25年GD,JC一级CFA等多个文件/25年JC一级CFA/6.冲刺模考/讲义/2025CFA一级密卷_下（题目）.pdf",一级,文件,2025,362233
2025CFA一级模考A1答案.pdf,"/cfa三级/新cfa24一级/25年GD,JC一级CFA等多个文件/25年JC一级CFA/6.冲刺模考/讲义/2025CFA一级模考A1答案.pdf",一级,文件,2025,471338
2025CFA一级模考A1题目.pdf,"/cfa三级/新cfa24一级/25年GD,JC一级CFA等多个文件/25年JC一级CFA/6.冲刺模考/讲义/2025CFA一级模考A1题目.pdf",一级,文件,2025,253383
2025CFA一级模考A2答案.pdf,"/cfa三级/新cfa24一级/25年GD,JC一级CFA等多个文件/25年JC一级CFA/6.冲刺模考/讲义/2025CFA一级模考A2答案.pdf",一级,文件,2025,535687
2025CFA一级模考A2题目.pdf,"/cfa三级/新cfa24一级/25年GD,JC一级CFA等多个文件/25年JC一级CFA/6.冲刺模考/讲义/2025CFA一级模考A2题目.pdf",一级,文件,2025,242279
2025CFA一级模考B1答案.pdf,"/cfa三级/新cfa24一级/25年GD,JC一级CFA等多个文件/25年JC一级CFA/6.冲刺模考/讲义/2025CFA一级模考B1答案.pdf",一级,文件,2025,436547
2025CFA一级模考B1题目.pdf,"/cfa三级/新cfa24一级/25年GD,JC一级CFA等多个文件/25年JC一级CFA/6.冲刺模考/讲义/2025CFA一级模考B1题目.pdf",一级,文件,2025,260592
2025CFA一级模考B2答案.pdf,"/cfa三级/新cfa24一级/25年GD,JC一级CFA等多个文件/25年JC一级CFA/6.冲刺模考/讲义/2025CFA一级模考B2答案.pdf",一级,文件,2025,474201
2025CFA一级模考B2题目.pdf,"/cfa三级/新cfa24一级/25年GD,JC一级CFA等多个文件/25年JC一级CFA/6.冲刺模考/讲义/2025CFA一级模考B2题目.pdf",一级,文件,2025,238610
CFA一级科目权重_金程（适用于25年考纲）_Password_Removed.pdf,"/cfa三级/新cfa24一级/25年GD,JC一级CFA等多个文件/25年JC一级CFA/讲义汇总/前导讲义/CFA一级科目权重_金程（适用于25年考纲）_Password_Removed.pdf",一级,文件,0,61525
CFA一级强化公金_王慧琳_金程（打印版）_Password_Removed.pdf,"/cfa三级/新cfa24一级/25年GD,JC一级CFA等多个文件/25年JC一级CFA/讲义汇总/强化串讲讲义/CFA一级强化公金_王慧琳_金程（打印版）_Password_Removed.pdf",一级,文件,0,1924941
CFA一级强化公金_王慧琳_金程（标准版）_Password_Removed.pdf,"/cfa三级/新cfa24一级/25年GD,JC一级CFA等多个文件/25年JC一级CFA/讲义汇总/强化串讲讲义/CFA一级强化公金_王慧琳_金程（标准版）_Password_Removed.pdf",一级,文件,0,1651005
CFA一级强化另类_韩霄_金程（打印版）_Password_Removed.pdf,"/cfa三级/新cfa24一级/25年GD,JC一级CFA等多个文件/25年JC一级CFA/讲义汇总/强化串讲讲义/CFA一级强化另类_韩霄_金程（打印版）_Password_Removed.pdf",一级,文件,0,1417897
CFA一级强化另类_韩霄_金程（标准版）_Password_Removed.pdf,"/cfa三级/新cfa24一级/25年GD,JC一级CFA等多个文件/25年JC一级CFA/讲义汇总/强化串讲讲义/CFA一级强化另类_韩霄_金程（标准版）_Password_Removed.pdf",一级,文件,0,1762752
CFA一级强化固收_林正_金程（打印版）_Password_Removed.pdf,"/cfa三级/新cfa24一级/25年GD,JC一级CFA等多个文件/25年JC一级CFA/讲义汇总/强化串讲讲义/CFA一级强化固收_林正_金程（打印版）_Password_Removed.pdf",一级,文件,0,1922019
CFA一级强化固收_林正_金程（标准版）_Password_Removed.pdf,"/cfa三级/新cfa24一级/25年GD,JC一级CFA等多个文件/25年JC一级CFA/讲义汇总/强化串讲讲义/CFA一级强化固收_林正_金程（标准版）_Password_Removed.pdf",一级,文件,0,3171751
CFA一级强化数量_王慧琳_金程（打印版）_Password_Removed.pdf,"/cfa三级/新cfa24一级/25年GD,JC一级CFA等多个文件/25年JC一级CFA/讲义汇总/强化串讲讲义/CFA一级强化数量_王慧琳_金程（打印版）_Password_Removed.pdf",一级,文件,0,900484
CFA一级强化数量_王慧琳_金程（标准版）_Password_Removed.pdf,"/cfa三级/新cfa24一级/25年GD,JC一级CFA等多个文件/25年JC一级CFA/讲义汇总/强化串讲讲义/CFA一级强化数量_王慧琳_金程（标准版）_Password_Removed.pdf",一级,文件,0,1530328
CFA一级强化权益_韩霄_金程（打印版）_Password_Removed.pdf,"/cfa三级/新cfa24一级/25年GD,JC一级CFA等多个文件/25年JC一级CFA/讲义汇总/强化串讲讲义/CFA一级强化权益_韩霄_金程（打印版）_Password_Removed.pdf",一级,文件,0,648210
CFA一级强化权益_韩霄_金程（标准版）_Password_Removed.pdf,"/cfa三级/新cfa24一级/25年GD,JC一级CFA等多个文件/25年JC一级CFA/讲义汇总/强化串讲讲义/CFA一级强化权益_韩霄_金程（标准版）_Password_Removed.pdf",一级,文件,0,2163384
CFA一级强化班_经济学_林正（打印版）_Password_Removed.pdf,"/cfa三级/新cfa24一级/25年GD,JC一级CFA等多个文件/25年JC一级CFA/讲义汇总/强化串讲讲义/CFA一级强化班_经济学_林正（打印版）_Password_Removed.pdf",一级,文件,0,2236078
CFA一级强化班_经济学_林正（标准版）_Password_Removed.pdf,"/cfa三级/新cfa24一级/25年GD,JC一级CFA等多个文件/25年JC一级CFA/讲义汇总/强化串讲讲义/CFA一级强化班_经济学_林正（标准版）_Password_Removed.pdf",一级,文件,0,2761077
CFA一级强化组合_王慧琳_金程（打印版）_Password_Removed.pdf,"/cfa三级/新cfa24一级/25年GD,JC一级CFA等多个文件/25年JC一级CFA/讲义汇总/强化串讲讲义/CFA一级强化组合_王慧琳_金程（打印版）_Password_Removed.pdf",一级,文件,0,606427
CFA一级强化组合_王慧琳_金程（标准版）_Password_Removed.pdf,"/cfa三级/新cfa24一级/25年GD,JC一级CFA等多个文件/25年JC一级CFA/讲义汇总/强化串讲讲义/CFA一级强化组合_王慧琳_金程（标准版）_Password_Removed.pdf",一级,文件,0,1184653
CFA一级强化衍生品_周琪_金程（打印版）_Password_Removed.pdf,"/cfa三级/新cfa24一级/25年GD,JC一级CFA等多个文件/25年JC一级CFA/讲义汇总/强化串讲讲义/CFA一级强化衍生品_周琪_金程（打印版）_Password_Removed.pdf",一级,文件,0,1359278
CFA一级强化衍生品_周琪_金程（标准版）_Password_Removed.pdf,"/cfa三级/新cfa24一级/25年GD,JC一级CFA等多个文件/25年JC一级CFA/讲义汇总/强化串讲讲义/CFA一级强化衍生品_周琪_金程（标准版）_Password_Removed.pdf",一级,文件,0,7956437
CFA一级强化财务分析_韩霄_金程(补录打印版）_Password_Removed.pdf,"/cfa三级/新cfa24一级/25年GD,JC一级CFA等多个文件/25年JC一级CFA/讲义汇总/强化串讲讲义/CFA一级强化财务分析_韩霄_金程(补录打印版）_Password_Removed.pdf",一级,文件,0,782966
CFA一级强化财务分析_韩霄_金程（补录标准版）_Password_Removed.pdf,"/cfa三级/新cfa24一级/25年GD,JC一级CFA等多个文件/25年JC一级CFA/讲义汇总/强化串讲讲义/CFA一级强化财务分析_韩霄_金程（补录标准版）_Password_Removed.pdf",一级,文件,0,583847
CFA一级强化财报_纪慧诚_金程（打印版）_Password_Removed.pdf,"/cfa三级/新cfa24一级/25年GD,JC一级CFA等多个文件/25年JC一级CFA/讲义汇总/强化串讲讲义/CFA一级强化财报_纪慧诚_金程（打印版）_Password_Removed.pdf",一级,文件,0,1330546
CFA一级强化财报_纪慧诚_金程（标准版）_Password_Removed.pdf,"/cfa三级/新cfa24一级/25年GD,JC一级CFA等多个文件/25年JC一级CFA/讲义汇总/强化串讲讲义/CFA一级强化财报_纪慧诚_金程（标准版）_Password_Removed.pdf",一级,文件,0,2428646
CFA一级,/cfa三级/新cfa24一级/CFA一级,一级,文件夹,0,
25年CFA一级电子资料,/cfa三级/新cfa24一级/CFA一级/25年CFA一级电子资料,一级,文件夹,0,
24CFA一级资料,/cfa三级/新cfa24一级/CFA一级/25年CFA一级电子资料/24CFA一级资料,一级,文件夹,0,
2024CFA一级Notes,/cfa三级/新cfa24一级/CFA一级/25年CFA一级电子资料/24CFA一级资料/2024CFA一级Notes,一级,文件夹,2024,
2024CFA一级原版书教材,/cfa三级/新cfa24一级/CFA一级/25年CFA一级电子资料/24CFA一级资料/2024CFA一级原版书教材,一级,文件夹,2024,
24CFA一级中文教材,/cfa三级/新cfa24一级/CFA一级/25年CFA一级电子资料/24CFA一级资料/24CFA一级中文教材,一级,文件夹,0,
CFA 2025 Level I - Book1.pdf,/cfa三级/新cfa24一级/CFA一级/25年CFA一级电子资料/25notes/CFA 2025 Level I - Book1.pdf,一级,文件,2025,4025744
CFA 2025 Level I - Book2.pdf,/cfa三级/新cfa24一级/CFA一级/25年CFA一级电子资料/25notes/CFA 2025 Level I - Book2.pdf,一级,文件,2025,8018840
CFA 2025 Level I - Book3.pdf,/cfa三级/新cfa24一级/CFA一级/25年CFA一级电子资料/25notes/CFA 2025 Level I - Book3.pdf,一级,文件,2025,2392459
CFA 2025 Level I - Book4.pdf,/cfa三级/新cfa24一级/CFA一级/25年CFA一级电子资料/25notes/CFA 2025 Level I - Book4.pdf,一级,文件,2025,2157235
CFA 2025 Level I - SchweserQuicksheet.pdf,/cfa三级/新cfa24一级/CFA一级/25年CFA一级电子资料/25notes/CFA 2025 Level I - SchweserQuicksheet.pdf,一级,文件,2025,441161
CFA L1 practice pack,/cfa三级/新cfa24一级/CFA一级/25年CFA一级电子资料/CFA L1 practice pack,一级,文件夹,0,
CFA-2024,/cfa三级/新cfa24一级/CFA一级/25年CFA一级电子资料/CFA L1 practice pack/CFA-2024,一级,文件夹,2024,
CFA 一级 KAPLAN notes,/cfa三级/新cfa24一级/CFA一级/25年CFA一级电子资料/资料包（旧）/CFA 一级 KAPLAN notes,一级,文件夹,0,
CFA一级中文教材,/cfa三级/新cfa24一级/CFA一级/25年CFA一级电子资料/资料包（旧）/CFA一级中文教材,一级,文件夹,0,
品职其他资料,/cfa三级/新cfa24一级/CFA一级/25年CFA一级电子资料/资料包（旧）/品职其他资料,一级,文件夹,0,
CFA一级框架图（23年）,/cfa三级/新cfa24一级/CFA一级/25年CFA一级电子资料/资料包（旧）/品职其他资料/CFA一级框架图（23年）,一级,文件夹,0,
品职教育2023CFA一级框架图Fixed Income_何旋.pdf,/cfa三级/新cfa24一级/CFA一级/25年CFA一级电子资料/资料包（旧）/品职其他资料/CFA一级框架图（23年）/品职教育2023CFA一级框架图Fixed Income_何旋.pdf,一级,文件,2023,2711110
品职教育2023年CFA一级Financial Reporting and Analysis知识框架图_何旋.pdf,/cfa三级/新cfa24一级/CFA一级/25年CFA一级电子资料/资料包（旧）/品职其他资料/CFA一级框架图（23年）/品职教育2023年CFA一级Financial Reporting and Analysis知识框架图_何旋.pdf,一级,文件,2023,3804853
品职教育2023年CFA一级框架图_Equity强化班讲义.pdf,/cfa三级/新cfa24一级/CFA一级/25年CFA一级电子资料/资料包（旧）/品职其他资料/CFA一级框架图（23年）/品职教育2023年CFA一级框架图_Equity强化班讲义.pdf,一级,文件,2023,3201854
品职教育2023年CFA一级知识框架图Portfolio.pdf,/cfa三级/新cfa24一级/CFA一级/25年CFA一级电子资料/资料包（旧）/品职其他资料/CFA一级框架图（23年）/品职教育2023年CFA一级知识框架图Portfolio.pdf,一级,文件,2023,3250354
品职教育2023年CFA一级知识框架图_Alternative_李斯克.pdf,/cfa三级/新cfa24一级/CFA一级/25年CFA一级电子资料/资料包（旧）/品职其他资料/CFA一级框架图（23年）/品职教育2023年CFA一级知识框架图_Alternative_李斯克.pdf,一级,文件,2023,2547562
品职教育2023年CFA一级知识框架图_Corporate Issuers_李斯克.pdf,/cfa三级/新cfa24一级/CFA一级/25年CFA一级电子资料/资料包（旧）/品职其他资料/CFA一级框架图（23年）/品职教育2023年CFA一级知识框架图_Corporate Issuers_李斯克.pdf,一级,文件,2023,3029758
品职教育2023年CFA一级知识框架图_Derivatives_李斯克.pdf,/cfa三级/新cfa24一级/CFA一级/25年CFA一级电子资料/资料包（旧）/品职其他资料/CFA一级框架图（23年）/品职教育2023年CFA一级知识框架图_Derivatives_李斯克.pdf,一级,文件,2023,2333391
品职教育2023年CFA一级知识框架图_Economics_何旋.pdf,/cfa三级/新cfa24一级/CFA一级/25年CFA一级电子资料/资料包（旧）/品职其他资料/CFA一级框架图（23年）/品职教育2023年CFA一级知识框架图_Economics_何旋.pdf,一级,文件,2023,2659663
品职教育2023年CFA一级知识框架图_Ethics_何旋.pdf,/cfa三级/新cfa24一级/CFA一级/25年CFA一级电子资料/资料包（旧）/品职其他资料/CFA一级框架图（23年）/品职教育2023年CFA一级知识框架图_Ethics_何旋.pdf,一级,文件,2023,1790896
品职教育2023年CFA一级知识框架图_Quantitative Methods_何旋.pdf,/cfa三级/新cfa24一级/CFA一级/25年CFA一级电子资料/资料包（旧）/品职其他资料/CFA一级框架图（23年）/品职教育2023年CFA一级知识框架图_Quantitative Methods_何旋.pdf,一级,文件,2023,15509265
品职教育2023年CFA一级错题本合集_纯图版.pdf,/cfa三级/新cfa24一级/CFA一级/25年CFA一级电子资料/资料包（旧）/品职其他资料/品职教育2023年CFA一级错题本合集_纯图版.pdf,一级,文件,2023,42887354
CFA指定计算器,/cfa三级/新cfa24一级/CFA一级/25年CFA一级电子资料/资料包（旧）/机考报考计算器指南/CFA指定计算器,一级,文件夹,0,
CFA一级JC24,/cfa三级/新cfa24一级/CFA一级/CFA一级JC24,一级,文件夹,0,
CFA一级课程框架介绍,/cfa三级/新cfa24一级/CFA一级/CFA一级JC24/1.前导段/CFA一级课程框架介绍,一级,文件夹,0,
CFA一级框架介绍（固收、衍生、另类、组合、道德）.ts,/cfa三级/新cfa24一级/CFA一级/CFA一级JC24/1.前导段/CFA一级课程框架介绍/CFA一级框架介绍（固收、衍生、另类、组合、道德）.ts,一级,文件,0,610228448
CFA一级框架介绍（数量、经济学、财报、公司金融、权益）.ts,/cfa三级/新cfa24一级/CFA一级/CFA一级JC24/1.前导段/CFA一级课程框架介绍/CFA一级框架介绍（数量、经济学、财报、公司金融、权益）.ts,一级,文件,0,726653840
CFA一级科目概述与备考规划.ts,/cfa三级/新cfa24一级/CFA一级/CFA一级JC24/1.前导段/CFA一级课程框架介绍/CFA一级科目概述与备考规划.ts,一级,文件,0,668005924
CFA备考常见英语词汇,/cfa三级/新cfa24一级/CFA一级/CFA一级JC24/1.前导段/CFA备考常见英语词汇,一级,文件夹,0,
cfa一级gao,/cfa三级/新cfa24一级/CFA一级/cfa一级gao,一级,文件夹,0,
00-CFA一级高金融英语,/cfa三级/新cfa24一级/CFA一级/cfa一级gao/00-CFA一级高金融英语,一级,文件夹,0,
cfa一级资料包,/cfa三级/新cfa24一级/CFA一级/cfa一级资料包,一级,文件夹,0,
24CFA一级中文教材,/cfa三级/新cfa24一级/CFA一级/cfa一级资料包/24CFA一级中文教材,一级,文件夹,0,
24cfa一级notes,/cfa三级/新cfa24一级/CFA一级/cfa一级资料包/24cfa一级notes,一级,文件夹,0,
24cfa一级原版书,/cfa三级/新cfa24一级/CFA一级/cfa一级资料包/24cfa一级原版书,一级,文件夹,0,
24cfa一级课后题,/cfa三级/新cfa24一级/CFA一级/cfa一级资料包/24cfa一级课后题,一级,文件夹,0,
品职道德讲义,/cfa三级/新cfa24一级/品职道德讲义,一级,文件夹,0,
CFA一级框架图（23年）,/cfa三级/新cfa24一级/品职道德讲义/CFA一级框架图（23年）,一级,文件夹,0,
品职教育2023CFA一级框架图Fixed Income_何旋.pdf,/cfa三级/新cfa24一级/品职道德讲义/CFA一级框架图（23年）/品职教育2023CFA一级框架图Fixed Income_何旋.pdf,一级,文件,2023,2711110
品职教育2023年CFA一级Financial Reporting and Analysis知识框架图_何旋.pdf,/cfa三级/新cfa24一级/品职道德讲义/CFA一级框架图（23年）/品职教育2023年CFA一级Financial Reporting and Analysis知识框架图_何旋.pdf,一级,文件,2023,3804853
品职教育2023年CFA一级框架图_Equity强化班讲义.pdf,/cfa三级/新cfa24一级/品职道德讲义/CFA一级框架图（23年）/品职教育2023年CFA一级框架图_Equity强化班讲义.pdf,一级,文件,2023,3201854
品职教育2023年CFA一级知识框架图Portfolio.pdf,/cfa三级/新cfa24一级/品职道德讲义/CFA一级框架图（23年）/品职教育2023年CFA一级知识框架图Portfolio.pdf,一级,文件,2023,3250354
品职教育2023年CFA一级知识框架图_Alternative_李斯克.pdf,/cfa三级/新cfa24一级/品职道德讲义/CFA一级框架图（23年）/品职教育2023年CFA一级知识框架图_Alternative_李斯克.pdf,一级,文件,2023,2547562
品职教育2023年CFA一级知识框架图_Corporate Issuers_李斯克.pdf,/cfa三级/新cfa24一级/品职道德讲义/CFA一级框架图（23年）/品职教育2023年CFA一级知识框架图_Corporate Issuers_李斯克.pdf,一级,文件,2023,3029758
品职教育2023年CFA一级知识框架图_Derivatives_李斯克.pdf,/cfa三级/新cfa24一级/品职道德讲义/CFA一级框架图（23年）/品职教育2023年CFA一级知识框架图_Derivatives_李斯克.pdf,一级,文件,2023,2333391
品职教育2023年CFA一级知识框架图_Economics_何旋.pdf,/cfa三级/新cfa24一级/品职道德讲义/CFA一级框架图（23年）/品职教育2023年CFA一级知识框架图_Economics_何旋.pdf,一级,文件,2023,2659663
品职教育2023年CFA一级知识框架图_Ethics_何旋.pdf,/cfa三级/新cfa24一级/品职道德讲义/CFA一级框架图（23年）/品职教育2023年CFA一级知识框架图_Ethics_何旋.pdf,一级,文件,2023,1790896
品职教育2023年CFA一级知识框架图_Quantitative Methods_何旋.pdf,/cfa三级/新cfa24一级/品职道德讲义/CFA一级框架图（23年）/品职教育2023年CFA一级知识框架图_Quantitative Methods_何旋.pdf,一级,文件,2023,15509265
品职教育2025年CFA一级Financial Reporting and Analysis.pdf,/我的资源/框架图/品职教育2025年CFA一级Financial Reporting and Analysis.pdf,一级,文件,2025,3693976
品职教育2025年CFA一级知识框架图 Corporate Issuers.pdf,/我的资源/框架图/品职教育2025年CFA一级知识框架图 Corporate Issuers.pdf,一级,文件,2025,3926283
品职教育2025年CFA一级知识框架图Fixed Income.pdf,/我的资源/框架图/品职教育2025年CFA一级知识框架图Fixed Income.pdf,一级,文件,2025,3526308
品职教育2025年CFA一级知识框架图Portfolio.pdf,/我的资源/框架图/品职教育2025年CFA一级知识框架图Portfolio.pdf,一级,文件,2025,1741893
品职教育2025年CFA一级知识框架图_Alternative.pdf,/我的资源/框架图/品职教育2025年CFA一级知识框架图_Alternative.pdf,一级,文件,2025,3896994
品职教育2025年CFA一级知识框架图_Derivatives.pdf,/我的资源/框架图/品职教育2025年CFA一级知识框架图_Derivatives.pdf,一级,文件,2025,2348008
品职教育2025年CFA一级知识框架图_Equity.pdf,/我的资源/框架图/品职教育2025年CFA一级知识框架图_Equity.pdf,一级,文件,2025,3585068
品职教育2025年CFA一级知识框架图_Ethics.pdf,/我的资源/框架图/品职教育2025年CFA一级知识框架图_Ethics.pdf,一级,文件,2025,1854670
品职教育2025年CFA一级知识框架图_Quantitative Methods.pdf,/我的资源/框架图/品职教育2025年CFA一级知识框架图_Quantitative Methods.pdf,一级,文件,2025,2540754
品职教育CFA一级知识框架图 Economics_.pdf,/我的资源/框架图/品职教育CFA一级知识框架图 Economics_.pdf,一级,文件,0,1984037
